Axis1	Axis2	sample_id	study	disease	case	var_axis1	var_axis2
0.22314803345903367	-0.1295629144249564	SRR10802220	Ziganshina_2020	GERD	Control	21.1	13.5
-0.17530532237193178	0.02564906131878459	SRR10802221	Ziganshina_2020	GERD	Control	21.1	13.5
0.0826101913522868	-0.18956936564647253	SRR10802222	Ziganshina_2020	GERD	Control	21.1	13.5
-0.3618440729282227	0.17489724337023746	SRR10802223	Ziganshina_2020	GERD	Control	21.1	13.5
0.007071524721850623	0.19234890022351606	SRR10802224	Ziganshina_2020	GERD	Control	21.1	13.5
-0.0755570077747348	-0.04034719060538595	SRR10802225	Ziganshina_2020	GERD	Control	21.1	13.5
-0.06808425109898812	0.07758481190446086	SRR10802226	Ziganshina_2020	GERD	Control	21.1	13.5
-0.06251723460676524	0.21440433730307962	SRR10802227	Ziganshina_2020	GERD	Case	21.1	13.5
-0.14703916996478364	0.053983381555646984	SRR10802228	Ziganshina_2020	GERD	Case	21.1	13.5
-0.10933973845284467	0.10628386368059817	SRR10802229	Ziganshina_2020	GERD	Case	21.1	13.5
0.28620961695086927	-0.08456865185049559	SRR10802230	Ziganshina_2020	GERD	Case	21.1	13.5
0.03278834127146689	-0.18387253706859308	SRR10802231	Ziganshina_2020	GERD	Case	21.1	13.5
0.3666042624059198	0.17081719519184224	SRR10802232	Ziganshina_2020	GERD	Case	21.1	13.5
-0.09021439091636967	-0.16537889352012164	SRR10802233	Ziganshina_2020	GERD	Control	21.1	13.5
0.20895149745537347	-0.21403283011387628	SRR10802234	Ziganshina_2020	GERD	Case	21.1	13.5
0.19514638369668527	0.12464061720578969	SRR10802235	Ziganshina_2020	GERD	Case	21.1	13.5
-0.012609031226239594	0.27753786981870476	SRR10802236	Ziganshina_2020	GERD	Case	21.1	13.5
-3.0134837488041583e-4	-0.2103974326012455	SRR10802237	Ziganshina_2020	GERD	Case	21.1	13.5
0.32129136981025364	0.2733907550763992	SRR10802238	Ziganshina_2020	GERD	Case	21.1	13.5
0.21577707546039177	-0.03060314389037345	SRR10802239	Ziganshina_2020	GERD	Case	21.1	13.5
-0.27157437851769584	-0.08402036498680594	SRR10802240	Ziganshina_2020	GERD	Case	21.1	13.5
-0.3121474485103643	-0.02854105781634078	SRR10802241	Ziganshina_2020	GERD	Case	21.1	13.5
0.2051244099982695	0.05782167552977419	SRR10802242	Ziganshina_2020	GERD	Control	21.1	13.5
-0.2688917745675704	-0.05736201573289728	SRR10802243	Ziganshina_2020	GERD	Control	21.1	13.5
0.03983454174697809	-0.34723851576768777	SRR10802244	Ziganshina_2020	GERD	Control	21.1	13.5
-0.2291320790179868	0.016135201846417417	SRR10802245	Ziganshina_2020	GERD	Control	21.1	13.5
0.15924516518260898	0.1343812873913062	SRR22214972	Qian_2023	GERD	Control	14.4	8.7
-0.08049800226399026	-0.2531985684886087	SRR22214973	Qian_2023	GERD	Control	14.4	8.7
0.10197315684367211	-0.1290359570609139	SRR22214974	Qian_2023	GERD	Control	14.4	8.7
0.14317510737450398	0.11145920383413398	SRR22214975	Qian_2023	GERD	Control	14.4	8.7
-0.21315492174702352	0.13613327622411886	SRR22214976	Qian_2023	GERD	Case	14.4	8.7
-0.2403176016203726	0.14366584911977556	SRR22214977	Qian_2023	GERD	Case	14.4	8.7
-0.14869676147813682	0.05650586278474281	SRR22214978	Qian_2023	GERD	Case	14.4	8.7
-0.26663732099750015	-0.14533716248940806	SRR22214979	Qian_2023	GERD	Case	14.4	8.7
-0.2245608327947033	0.09467387010448068	SRR22214980	Qian_2023	GERD	Case	14.4	8.7
-0.2551326228255037	-0.13929879234102518	SRR22214981	Qian_2023	GERD	Case	14.4	8.7
-0.24281996877598758	0.26067543135231147	SRR22214982	Qian_2023	GERD	Case	14.4	8.7
-0.12215090694139287	-0.23486473586692438	SRR22214983	Qian_2023	GERD	Case	14.4	8.7
-0.15194536731593472	-0.25156642706581056	SRR22214984	Qian_2023	GERD	Case	14.4	8.7
0.03305802722871289	-0.06570479856781142	SRR22214985	Qian_2023	GERD	Case	14.4	8.7
0.007486741742996865	0.07947928101812765	SRR22214986	Qian_2023	GERD	Control	14.4	8.7
-0.03545222927357322	-0.0023893900394337518	SRR22214987	Qian_2023	GERD	Case	14.4	8.7
-0.039059459220823906	0.15468345063818506	SRR22214988	Qian_2023	GERD	Case	14.4	8.7
-0.023195631132805216	-0.12314130152104551	SRR22214989	Qian_2023	GERD	Case	14.4	8.7
0.19906384558961068	0.0511881500351632	SRR22214990	Qian_2023	GERD	Case	14.4	8.7
0.2770830978560737	0.19144751014423078	SRR22214991	Qian_2023	GERD	Case	14.4	8.7
-0.040589940940241265	-0.10509654749518801	SRR22214992	Qian_2023	GERD	Case	14.4	8.7
0.26860054804326383	0.14462946627740308	SRR22214993	Qian_2023	GERD	Case	14.4	8.7
-0.09872707058260995	-0.07242162122629515	SRR22214994	Qian_2023	GERD	Case	14.4	8.7
-0.037158939904545545	0.005128847507039595	SRR22214995	Qian_2023	GERD	Case	14.4	8.7
0.13764284291043008	-0.07330831535300446	SRR22214996	Qian_2023	GERD	Case	14.4	8.7
0.39952907402980237	0.00150478835416219	SRR22214997	Qian_2023	GERD	Control	14.4	8.7
0.14259177215369367	-0.006279458989012828	SRR22214998	Qian_2023	GERD	Case	14.4	8.7
0.2026484264759653	0.056497968289442035	SRR22214999	Qian_2023	GERD	Case	14.4	8.7
-0.018923958780334187	-0.1627132680825322	SRR22215000	Qian_2023	GERD	Case	14.4	8.7
-0.14221201257036475	-0.21993432876046703	SRR22215001	Qian_2023	GERD	Case	14.4	8.7
0.12792160374444395	0.039048767114878695	SRR22215002	Qian_2023	GERD	Case	14.4	8.7
0.00438246634317487	-0.29599536367154516	SRR22215003	Qian_2023	GERD	Case	14.4	8.7
0.25949563496155675	0.011814516061614986	SRR22215004	Qian_2023	GERD	Case	14.4	8.7
0.13233175110174486	-0.21541156925083935	SRR22215005	Qian_2023	GERD	Case	14.4	8.7
0.16329487331427434	-0.04079617101573746	SRR22215006	Qian_2023	GERD	Case	14.4	8.7
0.15501655656118624	-0.21825659062549868	SRR22215007	Qian_2023	GERD	Case	14.4	8.7
0.2610978174416372	-0.04904994280409606	SRR22215008	Qian_2023	GERD	Control	14.4	8.7
-0.1321315557398084	0.08856399840013073	SRR22215009	Qian_2023	GERD	Control	14.4	8.7
-0.2173587356547202	-0.06094232525408421	SRR22215010	Qian_2023	GERD	Control	14.4	8.7
-0.1664678811760186	0.1628545705341185	SRR22215011	Qian_2023	GERD	Control	14.4	8.7
-0.03500194453845819	0.13341969335236606	SRR22215012	Qian_2023	GERD	Control	14.4	8.7
-0.05281642127399346	0.24968353490955442	SRR22215013	Qian_2023	GERD	Control	14.4	8.7
-0.3051140655997692	0.01860468462772158	SRR22215014	Qian_2023	GERD	Control	14.4	8.7
-0.05159214757565942	0.06150678437381354	SRR22215015	Qian_2023	GERD	Control	14.4	8.7
-0.05886791065108541	0.12718658330305016	SRR22215016	Qian_2023	GERD	Control	14.4	8.7
-0.11414929950046272	0.0028909627063101375	SRR22215017	Qian_2023	GERD	Control	14.4	8.7
-0.19148262089441861	-0.06228375495955903	SRR22215018	Qian_2023	GERD	Control	14.4	8.7
0.05969808406097998	-0.10538318708960512	SRR22215019	Qian_2023	GERD	Control	14.4	8.7
-0.007189557304385236	0.1362091786862274	SRR22215020	Qian_2023	GERD	Control	14.4	8.7
-0.03474118166213447	0.12029837239967933	SRR22215021	Qian_2023	GERD	Control	14.4	8.7
0.15205334580831648	0.06034530435061598	SRR22215022	Qian_2023	GERD	Control	14.4	8.7
0.20415054782668116	0.10564575153941375	SRR22215023	Qian_2023	GERD	Control	14.4	8.7
0.2829558890797279	0.03906632837077664	SRR22215024	Qian_2023	GERD	Control	14.4	8.7
-0.19036269828829744	0.06052111831820601	SRR22215025	Qian_2023	GERD	Control	14.4	8.7
0.07989505088942908	-0.1328257963832479	SRR22215026	Qian_2023	GERD	Control	14.4	8.7
-0.2430240768832817	0.2924702708605395	SRR22215027	Qian_2023	GERD	Control	14.4	8.7
-0.3331623497815957	-0.024723760350469606	SRR22215028	Qian_2023	GERD	Control	14.4	8.7
0.30286965085153456	0.0771261630100308	SRR22215029	Qian_2023	GERD	Control	14.4	8.7
0.18193815219306927	-0.021629416368787166	SRR22215030	Qian_2023	GERD	Control	14.4	8.7
0.07549676608084163	-0.19772227487271915	SRR22215031	Qian_2023	GERD	Control	14.4	8.7
-0.1527097258518019	-0.015942844342706663	SRR29268355	Li_2025	IBS-D	Control	19.7	9.8
-0.22982707601943236	0.14585705922949532	SRR29268356	Li_2025	IBS-D	Control	19.7	9.8
-0.12231906280456897	-0.3635870384074594	SRR29268357	Li_2025	IBS-D	Control	19.7	9.8
-0.1918328212736842	0.10054929422782097	SRR29268358	Li_2025	IBS-D	Control	19.7	9.8
-0.31124492242831153	-0.22124972835500192	SRR29268359	Li_2025	IBS-D	Control	19.7	9.8
0.0909055243741704	-0.2617399924418059	SRR29268360	Li_2025	IBS-D	Control	19.7	9.8
-0.056250350674910354	0.022773014645229583	SRR29268361	Li_2025	IBS-D	Case	19.7	9.8
0.10384885968625714	-0.10495387779774851	SRR29268362	Li_2025	IBS-D	Case	19.7	9.8
0.3509476133526497	-0.06015422738366291	SRR29268363	Li_2025	IBS-D	Case	19.7	9.8
0.005950306028451238	0.12432062337086833	SRR29268364	Li_2025	IBS-D	Case	19.7	9.8
-0.028986228026779897	-0.015169499765301069	SRR29268365	Li_2025	IBS-D	Case	19.7	9.8
-0.2620872099372776	-0.07061954696863398	SRR29268366	Li_2025	IBS-D	Control	19.7	9.8
0.22556618710502982	0.07723789428329131	SRR29268367	Li_2025	IBS-D	Case	19.7	9.8
-0.28335560388673803	0.14284884440626125	SRR29268368	Li_2025	IBS-D	Case	19.7	9.8
0.33202142728240114	-0.17633248659695167	SRR29268369	Li_2025	IBS-D	Case	19.7	9.8
0.1866596267633896	0.01424981465167307	SRR29268370	Li_2025	IBS-D	Case	19.7	9.8
-0.036476622570944	0.28556502139262613	SRR29268371	Li_2025	IBS-D	Case	19.7	9.8
-0.13622744738539092	0.13493240459162198	SRR29268372	Li_2025	IBS-D	Case	19.7	9.8
0.3415576564220876	-0.16243415046604354	SRR29268373	Li_2025	IBS-D	Case	19.7	9.8
0.3934387372908486	-0.0576153312535926	SRR29268374	Li_2025	IBS-D	Case	19.7	9.8
-0.17868650553743887	0.028125482118505903	SRR29268375	Li_2025	IBS-D	Case	19.7	9.8
0.22156963600226828	0.16061174655479687	SRR29268376	Li_2025	IBS-D	Case	19.7	9.8
-0.03585389944457729	0.06252781088569119	SRR29268377	Li_2025	IBS-D	Control	19.7	9.8
0.19882848494341238	0.10387518377876123	SRR29268378	Li_2025	IBS-D	Case	19.7	9.8
-0.10711422043211753	0.18009997425523722	SRR29268379	Li_2025	IBS-D	Case	19.7	9.8
-0.0882023003534583	0.2841410445401712	SRR29268380	Li_2025	IBS-D	Case	19.7	9.8
0.21747451996243075	0.06551172631836984	SRR29268381	Li_2025	IBS-D	Case	19.7	9.8
0.3661575407199167	-0.07204664603853697	SRR29268382	Li_2025	IBS-D	Case	19.7	9.8
-0.2614332298856096	-0.018622771147385045	SRR29268383	Li_2025	IBS-D	Case	19.7	9.8
0.11532660019221225	0.034091275583221045	SRR29268384	Li_2025	IBS-D	Case	19.7	9.8
0.09562285916212628	0.14211846492890653	SRR29268385	Li_2025	IBS-D	Case	19.7	9.8
0.025421157780164183	-0.03490989024025111	SRR29268386	Li_2025	IBS-D	Control	19.7	9.8
-0.33528315536052977	-0.32469761187954155	SRR29268387	Li_2025	IBS-D	Control	19.7	9.8
-0.2584712269041216	-0.13148731546404765	SRR29268388	Li_2025	IBS-D	Control	19.7	9.8
-0.19493512829012205	-0.017873721213877137	SRR29268389	Li_2025	IBS-D	Control	19.7	9.8
0.17515421842106058	0.17965707489731098	SRR25365669	Zheng_2024	LPRD	Control	14.5	7.9
0.12450288453090858	0.1278123913159898	SRR25365670	Zheng_2024	LPRD	Control	14.5	7.9
0.12906051652462086	0.2407285510726966	SRR25365671	Zheng_2024	LPRD	Control	14.5	7.9
0.1646761190324626	0.06927888769732954	SRR25365672	Zheng_2024	LPRD	Control	14.5	7.9
-0.01630877460512068	0.3639033936338625	SRR25365673	Zheng_2024	LPRD	Control	14.5	7.9
0.023498566413512837	0.30915770488218747	SRR25365674	Zheng_2024	LPRD	Control	14.5	7.9
0.32808274171320295	-0.012333254501583714	SRR25365675	Zheng_2024	LPRD	Control	14.5	7.9
0.08560641922426435	0.1990829222617587	SRR25365676	Zheng_2024	LPRD	Control	14.5	7.9
0.20345996842915698	0.006008579412724871	SRR25365677	Zheng_2024	LPRD	Control	14.5	7.9
0.025822151977616038	0.2189003764216368	SRR25365678	Zheng_2024	LPRD	Control	14.5	7.9
0.22316381242846758	-0.013573373434615212	SRR25365679	Zheng_2024	LPRD	Case	14.5	7.9
0.232582525167133	-0.07194272902678343	SRR25365680	Zheng_2024	LPRD	Case	14.5	7.9
0.1848995746546997	0.10582578354858647	SRR25365681	Zheng_2024	LPRD	Case	14.5	7.9
0.16419263784417584	0.18263571509191653	SRR25365682	Zheng_2024	LPRD	Case	14.5	7.9
0.2272450079187819	-0.0473509167648979	SRR25365717	Zheng_2024	LPRD	Control	14.5	7.9
0.2596849946816974	0.03553737814301847	SRR25365719	Zheng_2024	LPRD	Control	14.5	7.9
0.08035841119591734	0.1309403886671774	SRR25365720	Zheng_2024	LPRD	Control	14.5	7.9
0.17445302247927294	0.05559456942733281	SRR25365721	Zheng_2024	LPRD	Control	14.5	7.9
0.2201913467402571	-0.07840301926131954	SRR25365722	Zheng_2024	LPRD	Control	14.5	7.9
0.07655478166954938	0.1411626933737656	SRR25365723	Zheng_2024	LPRD	Control	14.5	7.9
0.19638838147949395	0.008269988155384288	SRR25365724	Zheng_2024	LPRD	Control	14.5	7.9
0.1699380420669632	-0.004624763622827351	SRR25365725	Zheng_2024	LPRD	Control	14.5	7.9
0.2272260314375008	-0.05679764183734923	SRR25365727	Zheng_2024	LPRD	Control	14.5	7.9
0.17009194530899555	-0.019601778127019593	SRR25365728	Zheng_2024	LPRD	Control	14.5	7.9
0.28517709037258404	-0.19255395850315127	SRR25365729	Zheng_2024	LPRD	Control	14.5	7.9
0.19218631602117434	0.060187316501987526	SRR25365730	Zheng_2024	LPRD	Control	14.5	7.9
-0.060829270127673904	-0.11097081136465711	SRR25365736	Zheng_2024	LPRD	Case	14.5	7.9
-0.06704955742507562	-0.14448731462825765	SRR25365738	Zheng_2024	LPRD	Case	14.5	7.9
0.0708009683932791	-0.18594599250141775	SRR25365739	Zheng_2024	LPRD	Case	14.5	7.9
0.016955835290569408	-0.035988423425313464	SRR25365740	Zheng_2024	LPRD	Case	14.5	7.9
0.029766788891057806	-0.2339580849944088	SRR25365741	Zheng_2024	LPRD	Case	14.5	7.9
-0.13710584806429493	0.14441172415931494	SRR25365742	Zheng_2024	LPRD	Case	14.5	7.9
0.25610852785621946	-0.016898128958501756	SRR25365743	Zheng_2024	LPRD	Case	14.5	7.9
0.3217059485388823	-0.0910268979494186	SRR25365744	Zheng_2024	LPRD	Case	14.5	7.9
0.2613586379073565	-0.02747000588709867	SRR25365745	Zheng_2024	LPRD	Case	14.5	7.9
0.21867193746464159	0.04389797225585853	SRR25365746	Zheng_2024	LPRD	Case	14.5	7.9
0.2628899634091236	-0.017261906383734742	SRR25365749	Zheng_2024	LPRD	Case	14.5	7.9
0.2733056195157504	-0.16344263719380028	SRR25365750	Zheng_2024	LPRD	Case	14.5	7.9
-0.13808062951503627	0.2730553473916326	SRR25365764	Zheng_2024	LPRD	Control	14.5	7.9
-0.10704960130892197	-0.025801113094596234	SRR25365765	Zheng_2024	LPRD	Control	14.5	7.9
-0.17097680632911735	0.25061947672665397	SRR25365767	Zheng_2024	LPRD	Control	14.5	7.9
-0.07484852041098759	-0.05909710684130069	SRR25365768	Zheng_2024	LPRD	Control	14.5	7.9
-0.012427773397544499	0.0011701320168794342	SRR25365769	Zheng_2024	LPRD	Control	14.5	7.9
0.0959447193850534	-0.32249383908028995	SRR25365770	Zheng_2024	LPRD	Control	14.5	7.9
-0.12667788708765934	0.2889514028911608	SRR25365771	Zheng_2024	LPRD	Control	14.5	7.9
-0.16665136073079084	0.28645932745269553	SRR25365772	Zheng_2024	LPRD	Control	14.5	7.9
-0.13051431077237832	0.06843832247130946	SRR25365773	Zheng_2024	LPRD	Control	14.5	7.9
-0.005643886683188093	-0.20146289057721112	SRR25365774	Zheng_2024	LPRD	Control	14.5	7.9
-0.029574834105393345	-0.07181849386062446	SRR25365775	Zheng_2024	LPRD	Control	14.5	7.9
0.1266100072892595	-0.17457334434322444	SRR25365776	Zheng_2024	LPRD	Control	14.5	7.9
-0.16375559655069885	-0.06105065722207704	SRR25365778	Zheng_2024	LPRD	Control	14.5	7.9
-0.15248980969265374	0.07110395561113787	SRR25365779	Zheng_2024	LPRD	Control	14.5	7.9
-0.04750302656733711	-0.2126118905436474	SRR25365780	Zheng_2024	LPRD	Control	14.5	7.9
-0.04109070831338899	-0.12057863154457457	SRR25365781	Zheng_2024	LPRD	Control	14.5	7.9
-0.11448611277002817	-0.11495053411967346	SRR25365782	Zheng_2024	LPRD	Control	14.5	7.9
0.05473270055243379	-0.2344650037769954	SRR25365783	Zheng_2024	LPRD	Control	14.5	7.9
0.05707506618898956	-0.029898264915506904	SRR25365784	Zheng_2024	LPRD	Control	14.5	7.9
0.052415252316834325	-0.09351066041805822	SRR25365785	Zheng_2024	LPRD	Control	14.5	7.9
-0.18384336044088825	0.23293038958547566	SRR25365786	Zheng_2024	LPRD	Control	14.5	7.9
0.18600261407936253	0.054548429327017714	SRR25365787	Zheng_2024	LPRD	Control	14.5	7.9
0.20345996842915703	0.006008579412724928	SRR26667872	Zheng_2024	LPRD	Control	14.5	7.9
0.02582215197761602	0.2189003764216369	SRR26667873	Zheng_2024	LPRD	Control	14.5	7.9
0.22724500791878186	-0.04735091676489778	SRR26667875	Zheng_2024	LPRD	Control	14.5	7.9
0.2596849946816974	0.035537378143018494	SRR26667877	Zheng_2024	LPRD	Control	14.5	7.9
0.08035841119591738	0.13094038866717744	SRR26667878	Zheng_2024	LPRD	Control	14.5	7.9
0.17445302247927294	0.05559456942733291	SRR26667879	Zheng_2024	LPRD	Control	14.5	7.9
0.22019134674025703	-0.07840301926131958	SRR26667880	Zheng_2024	LPRD	Control	14.5	7.9
0.07655478166954939	0.14116269337376575	SRR26667881	Zheng_2024	LPRD	Control	14.5	7.9
0.19638838147949395	0.008269988155384354	SRR26667883	Zheng_2024	LPRD	Control	14.5	7.9
0.16993804206696322	-0.004624763622827326	SRR26667884	Zheng_2024	LPRD	Control	14.5	7.9
0.22722603143750086	-0.05679764183734913	SRR26667885	Zheng_2024	LPRD	Control	14.5	7.9
0.17009194530899557	-0.01960177812701952	SRR26667886	Zheng_2024	LPRD	Control	14.5	7.9
0.2851770903725841	-0.19255395850315127	SRR26667887	Zheng_2024	LPRD	Control	14.5	7.9
0.19218631602117447	0.060187316501987526	SRR26667888	Zheng_2024	LPRD	Control	14.5	7.9
-0.06082927012767379	-0.11097081136465704	SRR26667895	Zheng_2024	LPRD	Case	14.5	7.9
-0.06704955742507555	-0.14448731462825762	SRR26667896	Zheng_2024	LPRD	Case	14.5	7.9
0.07080096839327917	-0.1859459925014178	SRR26667897	Zheng_2024	LPRD	Case	14.5	7.9
0.016955835290569477	-0.035988423425313436	SRR26667898	Zheng_2024	LPRD	Case	14.5	7.9
0.029766788891057824	-0.2339580849944088	SRR26667899	Zheng_2024	LPRD	Case	14.5	7.9
-0.1371058480642949	0.14441172415931494	SRR26667900	Zheng_2024	LPRD	Case	14.5	7.9
0.25610852785621946	-0.0168981289585018	SRR26667901	Zheng_2024	LPRD	Case	14.5	7.9
0.32170594853888235	-0.09102689794941851	SRR26667902	Zheng_2024	LPRD	Case	14.5	7.9
0.2613586379073566	-0.02747000588709867	SRR26667903	Zheng_2024	LPRD	Case	14.5	7.9
0.21867193746464164	0.043897972255858515	SRR26667905	Zheng_2024	LPRD	Case	14.5	7.9
0.2628899634091238	-0.01726190638373469	SRR26667907	Zheng_2024	LPRD	Case	14.5	7.9
0.2733056195157505	-0.16344263719380026	SRR26667908	Zheng_2024	LPRD	Case	14.5	7.9
0.22316381242846764	-0.013573373434615073	SRR26667909	Zheng_2024	LPRD	Case	14.5	7.9
0.23258252516713315	-0.07194272902678338	SRR26667910	Zheng_2024	LPRD	Case	14.5	7.9
0.18489957465469983	0.10582578354858643	SRR26667911	Zheng_2024	LPRD	Case	14.5	7.9
0.164192637844176	0.1826357150919166	SRR26667912	Zheng_2024	LPRD	Case	14.5	7.9
-0.13808062951503622	0.2730553473916327	SRR26667967	Zheng_2024	LPRD	Control	14.5	7.9
-0.10704960130892192	-0.025801113094596203	SRR26667968	Zheng_2024	LPRD	Control	14.5	7.9
-0.1709768063291173	0.2506194767266539	SRR26667969	Zheng_2024	LPRD	Control	14.5	7.9
-0.07484852041098752	-0.059097106841300644	SRR26667970	Zheng_2024	LPRD	Control	14.5	7.9
-0.012427773397544521	0.001170132016879428	SRR26667971	Zheng_2024	LPRD	Control	14.5	7.9
0.09594471938505347	-0.32249383908028995	SRR26667972	Zheng_2024	LPRD	Control	14.5	7.9
-0.12667788708765937	0.2889514028911609	SRR26667973	Zheng_2024	LPRD	Control	14.5	7.9
-0.16665136073079084	0.28645932745269553	SRR26667974	Zheng_2024	LPRD	Control	14.5	7.9
-0.13051431077237824	0.06843832247130952	SRR26667975	Zheng_2024	LPRD	Control	14.5	7.9
-0.0056438866831879896	-0.2014628905772111	SRR26667976	Zheng_2024	LPRD	Control	14.5	7.9
-0.029574834105393327	-0.07181849386062444	SRR26667978	Zheng_2024	LPRD	Control	14.5	7.9
0.12661000728925959	-0.17457334434322447	SRR26667979	Zheng_2024	LPRD	Control	14.5	7.9
-0.16375559655069882	-0.06105065722207699	SRR26667980	Zheng_2024	LPRD	Control	14.5	7.9
-0.15248980969265372	0.0711039556111378	SRR26667981	Zheng_2024	LPRD	Control	14.5	7.9
-0.04750302656733709	-0.21261189054364735	SRR26667982	Zheng_2024	LPRD	Control	14.5	7.9
-0.04109070831338897	-0.12057863154457457	SRR26667983	Zheng_2024	LPRD	Control	14.5	7.9
-0.11448611277002813	-0.11495053411967346	SRR26667984	Zheng_2024	LPRD	Control	14.5	7.9
0.05473270055243377	-0.23446500377699528	SRR26667985	Zheng_2024	LPRD	Control	14.5	7.9
0.057075066188989505	-0.029898264915506883	SRR26667986	Zheng_2024	LPRD	Control	14.5	7.9
0.05241525231683439	-0.09351066041805824	SRR26667987	Zheng_2024	LPRD	Control	14.5	7.9
-0.18384336044088825	0.2329303895854756	SRR26667989	Zheng_2024	LPRD	Control	14.5	7.9
0.18600261407936258	0.05454842932701775	SRR26667990	Zheng_2024	LPRD	Control	14.5	7.9
0.17515421842105855	0.1796570748973124	SRR26667991	Zheng_2024	LPRD	Control	14.5	7.9
0.12450288453090916	0.12781239131599054	SRR26667992	Zheng_2024	LPRD	Control	14.5	7.9
0.12906051652462117	0.24072855107269656	SRR26667993	Zheng_2024	LPRD	Control	14.5	7.9
0.16467611903246288	0.06927888769732869	SRR26667994	Zheng_2024	LPRD	Control	14.5	7.9
-0.016308774605120438	0.3639033936338624	SRR26667995	Zheng_2024	LPRD	Control	14.5	7.9
0.02349856641351282	0.30915770488218774	SRR26667996	Zheng_2024	LPRD	Control	14.5	7.9
0.32808274171320295	-0.012333254501583766	SRR26667997	Zheng_2024	LPRD	Control	14.5	7.9
0.08560641922426418	0.1990829222617587	SRR26667998	Zheng_2024	LPRD	Control	14.5	7.9
-0.3671524604222776	-0.03726249074338761	SRR25365683	Zheng_2024	LPRD	Case	14.5	7.9
-0.333547069705664	0.004647053662750376	SRR25365684	Zheng_2024	LPRD	Case	14.5	7.9
-0.29930889700609087	0.108334269622645	SRR25365685	Zheng_2024	LPRD	Case	14.5	7.9
-0.28200233111457407	0.026464383875271297	SRR25365686	Zheng_2024	LPRD	Case	14.5	7.9
-0.24289661865277865	-0.07399962768279528	SRR25365688	Zheng_2024	LPRD	Case	14.5	7.9
-0.33291553382650224	-0.05754276047554722	SRR25365689	Zheng_2024	LPRD	Case	14.5	7.9
-0.2998587458957699	-0.08445207938840878	SRR25365690	Zheng_2024	LPRD	Case	14.5	7.9
-0.2913233904348509	-0.26711383123706056	SRR25365691	Zheng_2024	LPRD	Case	14.5	7.9
-0.3104826193824152	0.053770553378746803	SRR25365692	Zheng_2024	LPRD	Case	14.5	7.9
-0.29003408893872035	0.15759355443523212	SRR25365693	Zheng_2024	LPRD	Case	14.5	7.9
-0.3070369158221138	0.02323792291426697	SRR25365694	Zheng_2024	LPRD	Case	14.5	7.9
-0.34411877239161864	-0.1648516386384375	SRR25365695	Zheng_2024	LPRD	Case	14.5	7.9
-0.28049575293326257	-0.12550131516821847	SRR25365696	Zheng_2024	LPRD	Case	14.5	7.9
-0.3305196609933849	0.11679687897747984	SRR25365697	Zheng_2024	LPRD	Case	14.5	7.9
-0.3343249814304721	-0.1872788784351484	SRR25365699	Zheng_2024	LPRD	Case	14.5	7.9
-0.3633599914929864	-0.054986605192360045	SRR25365700	Zheng_2024	LPRD	Case	14.5	7.9
-0.42749337835298745	0.04145431865633863	SRR25365701	Zheng_2024	LPRD	Case	14.5	7.9
-0.2799812509964094	-0.12785408423135183	SRR25365702	Zheng_2024	LPRD	Case	14.5	7.9
-0.30512803678746714	0.01051000221570217	SRR25365703	Zheng_2024	LPRD	Case	14.5	7.9
-0.28518984340978015	-0.20261427036302415	SRR25365704	Zheng_2024	LPRD	Case	14.5	7.9
-0.2467372267355542	-0.17195103781995097	SRR25365705	Zheng_2024	LPRD	Case	14.5	7.9
-0.3508634439373577	-0.03508685034999517	SRR25365706	Zheng_2024	LPRD	Case	14.5	7.9
-0.26175720469054453	0.0203050780852601	SRR25365707	Zheng_2024	LPRD	Case	14.5	7.9
-0.26722160080062757	-0.042035995054659284	SRR25365716	Zheng_2024	LPRD	Control	14.5	7.9
-0.20638649700029557	-0.07991829657396808	SRR25365718	Zheng_2024	LPRD	Control	14.5	7.9
-0.2937702863345102	-0.1681976758850208	SRR25365731	Zheng_2024	LPRD	Control	14.5	7.9
-0.3138467332956473	0.06004768347838779	SRR25365732	Zheng_2024	LPRD	Control	14.5	7.9
-0.2705610851657534	-0.24475695019130733	SRR25365733	Zheng_2024	LPRD	Control	14.5	7.9
-0.31790995963123536	-0.13074863699409872	SRR25365734	Zheng_2024	LPRD	Control	14.5	7.9
-0.35111852255457254	-0.029121313019256436	SRR25365735	Zheng_2024	LPRD	Control	14.5	7.9
-0.1759259396919896	-0.14453961323782602	SRR25365747	Zheng_2024	LPRD	Case	14.5	7.9
0.4500142140477794	0.05659318204624595	SRR18688581	Hao_2022	GERD	Control	16.5	14.1
0.018402091519803647	0.2525308613277788	SRR18688582	Hao_2022	GERD	Control	16.5	14.1
-0.21369174482377323	-0.17180038733857886	SRR18688584	Hao_2022	GERD	Case	16.5	14.1
-0.18314521073492673	-0.1732433961104996	SRR18688585	Hao_2022	GERD	Case	16.5	14.1
0.20107391514258272	-0.5107203026187193	SRR18688588	Hao_2022	GERD	Case	16.5	14.1
0.19089748722295866	-0.3875025852241779	SRR18688589	Hao_2022	GERD	Case	16.5	14.1
0.12353698764593295	-0.3302975738101977	SRR18688593	Hao_2022	GERD	Case	16.5	14.1
-0.2896309901150672	-0.22432918847083017	SRR18688594	Hao_2022	GERD	Case	16.5	14.1
-0.3275235856058689	0.09199108723564095	SRR18688597	Hao_2022	GERD	Case	16.5	14.1
-0.20588390674905227	0.11732053268415818	SRR18688598	Hao_2022	GERD	Case	16.5	14.1
0.23442661635209724	0.14799834603275164	SRR18688601	Hao_2022	GERD	Case	16.5	14.1
0.18802037134458147	0.14274711691125508	SRR18688602	Hao_2022	GERD	Case	16.5	14.1
0.3069494205956735	0.10545519594563936	SRR18688603	Hao_2022	GERD	Case	16.5	14.1
0.0318265469724567	-0.04304028363280998	SRR18688606	Hao_2022	GERD	Case	16.5	14.1
0.07676785414238488	-0.015645808054279165	SRR18688607	Hao_2022	GERD	Case	16.5	14.1
0.04454516579308454	0.24664091471582603	SRR18688610	Hao_2022	GERD	Control	16.5	14.1
0.09836695135108514	0.20530110000340487	SRR18688611	Hao_2022	GERD	Control	16.5	14.1
-0.010945536559121845	0.15741448368915742	SRR18688614	Hao_2022	GERD	Case	16.5	14.1
0.0038524798240883494	-0.009083783394051703	SRR18688615	Hao_2022	GERD	Control	16.5	14.1
-0.055279523834609864	0.09359283760177745	SRR18688616	Hao_2022	GERD	Control	16.5	14.1
0.17537764954792967	0.1447716817698261	SRR18688619	Hao_2022	GERD	Control	16.5	14.1
-0.3453378238825387	0.04653906291221994	SRR18688620	Hao_2022	GERD	Control	16.5	14.1
-0.22546406606140967	-0.0060717509482987935	SRR18688623	Hao_2022	GERD	Case	16.5	14.1
-0.287155363136071	0.06283865672676242	SRR18688624	Hao_2022	GERD	Case	16.5	14.1
0.03144271646810441	-0.01439039711759548	SRR13021985	Kawar_2021	GERD	Control	20.4	9.8
-0.04798652508922528	-0.002023995698537039	SRR13021986	Kawar_2021	GERD	Control	20.4	9.8
-0.08908170891061228	0.1781434497323172	SRR13021987	Kawar_2021	GERD	Control	20.4	9.8
0.37812580152756103	-0.002190926744970464	SRR13021988	Kawar_2021	GERD	Control	20.4	9.8
-0.3342662363106283	-0.2886479841101529	SRR13021989	Kawar_2021	GERD	Case	20.4	9.8
-0.23794960036468968	-0.2649758700691555	SRR13021990	Kawar_2021	GERD	Case	20.4	9.8
-0.28997196363258415	-0.04147520984504072	SRR13021991	Kawar_2021	GERD	Control	20.4	9.8
-0.2546805424542417	0.10038797391541215	SRR13021992	Kawar_2021	GERD	Case	20.4	9.8
0.0492317138781985	0.1801555605396637	SRR13021993	Kawar_2021	GERD	Case	20.4	9.8
-0.1712051990787619	-0.010817928047636406	SRR13021994	Kawar_2021	GERD	Control	20.4	9.8
0.22477551608135724	0.12433551060533299	SRR13021995	Kawar_2021	GERD	Control	20.4	9.8
-0.15179166690043797	0.09254992699580569	SRR13021996	Kawar_2021	GERD	Control	20.4	9.8
-0.22150244821839615	-0.008645414475930245	SRR13021997	Kawar_2021	GERD	Control	20.4	9.8
-0.101745489098294	-0.12733388448929076	SRR13021998	Kawar_2021	GERD	Control	20.4	9.8
-0.14660831636895758	0.04302528084972674	SRR13021999	Kawar_2021	GERD	Control	20.4	9.8
0.05669764223757167	0.16606817126292855	SRR13022000	Kawar_2021	GERD	Control	20.4	9.8
0.31659386041899007	-0.09357044484069184	SRR13022001	Kawar_2021	GERD	Case	20.4	9.8
-0.17007416016540577	-0.027267552982948945	SRR13022002	Kawar_2021	GERD	Control	20.4	9.8
0.03671200377489903	-0.02177332354568138	SRR13022003	Kawar_2021	GERD	Control	20.4	9.8
0.11017894258590613	0.04315062070301957	SRR13022004	Kawar_2021	GERD	Case	20.4	9.8
-0.1828883186076804	-0.29246438781033623	SRR13022005	Kawar_2021	GERD	Control	20.4	9.8
-0.24617275019885201	0.07384893653111763	SRR13022006	Kawar_2021	GERD	Case	20.4	9.8
-0.026869718889058963	-0.06130587506494358	SRR13022007	Kawar_2021	GERD	Control	20.4	9.8
0.09003930252498557	0.04230175680359168	SRR13022008	Kawar_2021	GERD	Control	20.4	9.8
-0.4068573911020984	-0.22616808928049295	SRR13022009	Kawar_2021	GERD	Control	20.4	9.8
0.25778458420982103	0.011829774203700376	SRR13022010	Kawar_2021	GERD	Control	20.4	9.8
0.3794629394811054	-0.18109332038718898	SRR13022011	Kawar_2021	GERD	Case	20.4	9.8
0.3304025517692697	-0.1946764557750875	SRR13022012	Kawar_2021	GERD	Case	20.4	9.8
0.06327932872832978	-0.09497047196473546	SRR13022013	Kawar_2021	GERD	Control	20.4	9.8
0.28351249577687354	-0.1643198655426477	SRR13022014	Kawar_2021	GERD	Control	20.4	9.8
-0.13577413043174066	0.010381841861398112	SRR13022015	Kawar_2021	GERD	Case	20.4	9.8
-0.24089152252405394	-0.07196940836644813	SRR13022016	Kawar_2021	GERD	Control	20.4	9.8
0.16878855325662723	-0.20734812144665674	SRR13022017	Kawar_2021	GERD	Control	20.4	9.8
0.05212429469636001	0.1224378590675251	SRR13022018	Kawar_2021	GERD	Case	20.4	9.8
-0.13823109589298238	0.06106922626337885	SRR13022019	Kawar_2021	GERD	Control	20.4	9.8
0.13482483594534714	0.15191450441474863	SRR13022020	Kawar_2021	GERD	Control	20.4	9.8
0.1061285229997796	-0.015959905168822147	SRR13022021	Kawar_2021	GERD	Case	20.4	9.8
0.2734867832117954	0.047271447999259524	SRR13022022	Kawar_2021	GERD	Control	20.4	9.8
0.34332778685472237	-0.07692549995462991	SRR13022023	Kawar_2021	GERD	Case	20.4	9.8
0.15511333259710672	0.11916848044031185	SRR13022024	Kawar_2021	GERD	Control	20.4	9.8
-0.012000444038098709	0.2103931609517876	SRR13022025	Kawar_2021	GERD	Control	20.4	9.8
-0.11270398463410916	-0.09662505208620924	SRR13022026	Kawar_2021	GERD	Case	20.4	9.8
-0.410436302910976	-0.1759237267139802	SRR13022027	Kawar_2021	GERD	Control	20.4	9.8
0.19009268683935227	0.09795760134605089	SRR13022028	Kawar_2021	GERD	Control	20.4	9.8
-0.2554921490192775	-0.01967233998405162	SRR13022029	Kawar_2021	GERD	Control	20.4	9.8
0.04838857119293276	-0.008619849801522961	SRR13022030	Kawar_2021	GERD	Control	20.4	9.8
0.17070319015657556	0.13284170786602603	SRR13022031	Kawar_2021	GERD	Control	20.4	9.8
0.15878476481322726	0.04816255416502304	SRR13022032	Kawar_2021	GERD	Control	20.4	9.8
-0.3977297490220107	-0.14006637414386633	SRR13022033	Kawar_2021	GERD	Control	20.4	9.8
0.08027845020910408	-0.06919256722305372	SRR13022034	Kawar_2021	GERD	Control	20.4	9.8
-0.22706609280699694	0.02203480687870966	SRR13022035	Kawar_2021	GERD	Control	20.4	9.8
-0.2030633099170241	0.016246813549352538	SRR13022036	Kawar_2021	GERD	Control	20.4	9.8
-0.21849253766087123	0.0744149161082338	SRR13022037	Kawar_2021	GERD	Control	20.4	9.8
0.16721929556698417	0.19777889493802736	SRR13022038	Kawar_2021	GERD	Control	20.4	9.8
0.0874223432193018	-0.013219545080113245	SRR13022039	Kawar_2021	GERD	Control	20.4	9.8
0.21947763424176112	0.09986665140785812	SRR13022040	Kawar_2021	GERD	Case	20.4	9.8
0.25820734532674977	0.11243485123700225	SRR13022041	Kawar_2021	GERD	Control	20.4	9.8
-0.008629549726298024	-0.21456122441226777	SRR13022042	Kawar_2021	GERD	Control	20.4	9.8
0.3084455021042866	0.040381589226756893	SRR13022043	Kawar_2021	GERD	Case	20.4	9.8
0.16664958720491715	0.03167148878067025	SRR13022044	Kawar_2021	GERD	Control	20.4	9.8
0.2286921042632856	-0.10980037989450565	SRR13022045	Kawar_2021	GERD	Case	20.4	9.8
-0.0274171604704295	0.05243016588560613	SRR13022046	Kawar_2021	GERD	Case	20.4	9.8
0.20199117235437175	-0.005100417035510778	SRR13022047	Kawar_2021	GERD	Control	20.4	9.8
0.34394935812564165	-0.06506819497298466	SRR13022048	Kawar_2021	GERD	Case	20.4	9.8
-0.036366754849373975	0.18762035932882837	SRR13022049	Kawar_2021	GERD	Control	20.4	9.8
-0.24841585383800896	0.003914138672143374	SRR13022050	Kawar_2021	GERD	Case	20.4	9.8
-0.047179461132928695	0.16121461881977134	SRR13022051	Kawar_2021	GERD	Control	20.4	9.8
0.20375837787078943	0.00822518249513826	SRR13022052	Kawar_2021	GERD	Control	20.4	9.8
0.21321469757585412	0.06615168721756329	SRR13022053	Kawar_2021	GERD	Control	20.4	9.8
-0.13560972387067963	-0.06705545976512042	SRR13022054	Kawar_2021	GERD	Case	20.4	9.8
-0.10581119160305245	0.11113912193939515	SRR13022055	Kawar_2021	GERD	Control	20.4	9.8
-0.33235602941227815	-0.027921397004243988	SRR13022056	Kawar_2021	GERD	Control	20.4	9.8
-0.04168242671001148	0.13693815535583803	SRR13022057	Kawar_2021	GERD	Control	20.4	9.8
-0.07373464423710682	0.1657028497279968	SRR13022058	Kawar_2021	GERD	Control	20.4	9.8
-0.28468699826799976	-0.26406903753196087	SRR13022059	Kawar_2021	GERD	Control	20.4	9.8
0.14226292586676428	0.1083133680993194	SRR13022060	Kawar_2021	GERD	Control	20.4	9.8
-0.1789052469744575	0.11315948091644998	SRR13022061	Kawar_2021	GERD	Case	20.4	9.8
-0.05716868623556949	0.09143826053757433	SRR13022062	Kawar_2021	GERD	Control	20.4	9.8
0.029544327040799262	-0.17739065394384448	SRR13022063	Kawar_2021	GERD	Case	20.4	9.8
-0.10277392613100253	-0.02792531071495468	SRR13022064	Kawar_2021	GERD	Control	20.4	9.8
0.27625950340135846	0.032326874045572974	SRR13022065	Kawar_2021	GERD	Case	20.4	9.8
-0.17247858267500057	0.10489594645231622	SRR13022066	Kawar_2021	GERD	Control	20.4	9.8
-0.10817171223820153	0.05193004384630715	SRR13022067	Kawar_2021	GERD	Control	20.4	9.8
0.17957255577143122	-0.43571482165720926	SRR13022068	Kawar_2021	GERD	Control	20.4	9.8
0.15907169147660793	0.0785408275817387	SRR13022069	Kawar_2021	GERD	Case	20.4	9.8
0.07959888379442491	0.21547474777970552	SRR13022070	Kawar_2021	GERD	Control	20.4	9.8
-0.27138046007916217	-0.1485706612339112	SRR13022071	Kawar_2021	GERD	Control	20.4	9.8
0.29852333631926337	-0.3133866249685986	SRR13022072	Kawar_2021	GERD	Control	20.4	9.8
-0.023588345657003688	0.09354595737324452	SRR13022073	Kawar_2021	GERD	Control	20.4	9.8
0.10760803074413926	-0.4107318267696505	SRR13022074	Kawar_2021	GERD	Case	20.4	9.8
0.40674570091767315	-0.2500995762024868	SRR13022075	Kawar_2021	GERD	Case	20.4	9.8
-0.11041669856519912	0.11074644131770131	SRR13022076	Kawar_2021	GERD	Control	20.4	9.8
-0.293880542860567	0.09865393055811475	SRR13022077	Kawar_2021	GERD	Control	20.4	9.8
-0.012334372111356033	0.18685851400871611	SRR13022078	Kawar_2021	GERD	Control	20.4	9.8
0.09211978314871863	0.11372871462810223	SRR13022079	Kawar_2021	GERD	Control	20.4	9.8
-0.30748981417908283	-0.22591742660323746	SRR13022080	Kawar_2021	GERD	Control	20.4	9.8
-0.14141446976938996	0.1988780869867666	SRR13022081	Kawar_2021	GERD	Control	20.4	9.8
-0.10653700115892845	-0.3886920042604496	SRR13022082	Kawar_2021	GERD	Control	20.4	9.8
0.026345712741969774	0.1594938092112353	SRR13022083	Kawar_2021	GERD	Control	20.4	9.8
-0.34210149579045895	-0.06040499488316694	SRR13022084	Kawar_2021	GERD	Control	20.4	9.8
-0.15891513057751278	0.1770789992800364	SRR13022085	Kawar_2021	GERD	Case	20.4	9.8
0.15606605578628835	0.15763817470210686	SRR13022086	Kawar_2021	GERD	Control	20.4	9.8
-0.22729952740207876	-0.1485809845036832	SRR13022087	Kawar_2021	GERD	Control	20.4	9.8
0.15841044259388168	0.07395461281357238	SRR13022088	Kawar_2021	GERD	Control	20.4	9.8
-0.03422270908149168	0.24654580061979972	SRR13022089	Kawar_2021	GERD	Case	20.4	9.8
0.19150907908027098	-0.19063318360848908	SRR13022090	Kawar_2021	GERD	Control	20.4	9.8
-0.2433608036221055	0.11832629411000492	SRR13022091	Kawar_2021	GERD	Control	20.4	9.8
-0.2151943406991264	0.0888138373907238	SRR13022092	Kawar_2021	GERD	Case	20.4	9.8
0.04021243376578625	0.1250728928759371	SRR13022093	Kawar_2021	GERD	Case	20.4	9.8
0.11179916408656328	0.2102004185821425	SRR13022094	Kawar_2021	GERD	Control	20.4	9.8
-0.3214745059509911	0.0675091022830558	SRR13022095	Kawar_2021	GERD	Control	20.4	9.8
-0.004863272595899754	0.08253880099986048	SRR13022096	Kawar_2021	GERD	Control	20.4	9.8
0.30407877763993635	-0.1136138458727671	SRR13022097	Kawar_2021	GERD	Control	20.4	9.8
0.01979163154417861	0.04152150993279634	SRR13022098	Kawar_2021	GERD	Control	20.4	9.8
-0.3721243999777542	-0.12087294291530637	SRR13022099	Kawar_2021	GERD	Control	20.4	9.8
0.3639521874515068	-0.19046070625184264	SRR13022100	Kawar_2021	GERD	Control	20.4	9.8
-0.21969207163860474	-0.1029780799182968	SRR13022101	Kawar_2021	GERD	Case	20.4	9.8
-0.007365036713836808	0.14970300435257344	SRR13022102	Kawar_2021	GERD	Control	20.4	9.8
-0.18755203054786415	0.11755365258309984	SRR13022103	Kawar_2021	GERD	Case	20.4	9.8
0.16307264276946898	0.02864871463792238	SRR13022104	Kawar_2021	GERD	Case	20.4	9.8
0.29708649265489334	-0.0891704033574411	SRR13022105	Kawar_2021	GERD	Case	20.4	9.8
0.08115160778414626	-0.05959693720260134	SRR13022106	Kawar_2021	GERD	Control	20.4	9.8
-0.12410089716034112	0.020535861332212836	SRR13022107	Kawar_2021	GERD	Control	20.4	9.8
0.14298697278496528	0.1503608348107845	SRR13022108	Kawar_2021	GERD	Control	20.4	9.8
0.18868008168660935	0.016234584738170587	SRR13022109	Kawar_2021	GERD	Case	20.4	9.8
0.07084702490914419	0.044028355696847564	SRR13022110	Kawar_2021	GERD	Control	20.4	9.8
-0.20174196651829954	0.1345745883300835	SRR13022111	Kawar_2021	GERD	Control	20.4	9.8
0.34336555942688346	-0.13243579825466323	SRR13022112	Kawar_2021	GERD	Control	20.4	9.8
-0.07243336181294033	0.020755803792910688	SRR21206621	Tang_2023	IBS-D	Case	35.3	9.9
0.054532202293485835	-0.1815361005374789	SRR21206622	Tang_2023	IBS-D	Case	35.3	9.9
-0.3233841771816697	0.21070469922043994	SRR21206623	Tang_2023	IBS-D	Case	35.3	9.9
0.03868118943529135	-0.23960719777917885	SRR21206624	Tang_2023	IBS-D	Case	35.3	9.9
0.18620844426071817	-0.086739158913299	SRR21206625	Tang_2023	IBS-D	Case	35.3	9.9
0.28176520188818316	-0.05162217465782887	SRR21206626	Tang_2023	IBS-D	Case	35.3	9.9
0.20532691606915837	-0.1964326342224469	SRR21206627	Tang_2023	IBS-D	Case	35.3	9.9
-0.10299965129136548	-0.22587932457256663	SRR21206628	Tang_2023	IBS-D	Case	35.3	9.9
-0.27818482653867144	0.06188006953334378	SRR21206629	Tang_2023	IBS-D	Case	35.3	9.9
-0.2676460090171403	-0.16070902130639392	SRR21206630	Tang_2023	IBS-D	Case	35.3	9.9
-0.2814494804015158	0.029928759616566703	SRR21206632	Tang_2023	IBS-D	Case	35.3	9.9
-0.2378030209632714	-0.18216269696903992	SRR21206633	Tang_2023	IBS-D	Case	35.3	9.9
-0.3000577631998293	0.21079495329387304	SRR21206634	Tang_2023	IBS-D	Case	35.3	9.9
0.27772751362388676	-0.03386063739922471	SRR21206635	Tang_2023	IBS-D	Case	35.3	9.9
-0.07933005126130181	-0.14237129580950242	SRR21206636	Tang_2023	IBS-D	Case	35.3	9.9
-0.33766919526160644	-0.07662823089406082	SRR21206637	Tang_2023	IBS-D	Case	35.3	9.9
0.025913469239604685	-0.19279402352309583	SRR21206638	Tang_2023	IBS-D	Case	35.3	9.9
0.2581245762786642	0.19072217739389924	SRR21206639	Tang_2023	IBS-D	Case	35.3	9.9
0.1830740716802012	0.1780814082343246	SRR21206640	Tang_2023	IBS-D	Case	35.3	9.9
-0.15455500721132576	-0.10410722514297496	SRR21206641	Tang_2023	IBS-D	Case	35.3	9.9
0.15569963421759778	-0.04597519089379089	SRR21206643	Tang_2023	IBS-D	Case	35.3	9.9
0.45007707367504585	0.07785227869123244	SRR21206644	Tang_2023	IBS-D	Case	35.3	9.9
-0.06400261910870453	0.14130126141130725	SRR21206645	Tang_2023	IBS-D	Case	35.3	9.9
0.3107325734817061	-0.0672601824448216	SRR21206646	Tang_2023	IBS-D	Case	35.3	9.9
-0.28281145235707594	0.36203188867105984	SRR21206680	Tang_2023	IBS-D	Case	35.3	9.9
-0.15406406961628707	-0.14586162323438884	SRR21206682	Tang_2023	IBS-D	Case	35.3	9.9
-0.34239033136029734	0.040247994612452424	SRR21206683	Tang_2023	IBS-D	Case	35.3	9.9
-0.21874354200599683	0.17363881713401275	SRR21206684	Tang_2023	IBS-D	Case	35.3	9.9
-0.27532950829137703	-0.018942294983051573	SRR21206685	Tang_2023	IBS-D	Case	35.3	9.9
-0.23184552563242575	0.12350677644250566	SRR21206686	Tang_2023	IBS-D	Case	35.3	9.9
-0.3436850928120069	-0.05636700553030359	SRR21206687	Tang_2023	IBS-D	Case	35.3	9.9
0.1437759278947338	0.07630163654387562	SRR21206688	Tang_2023	IBS-D	Case	35.3	9.9
0.37525771788957407	-0.0498752850602414	SRR21206689	Tang_2023	IBS-D	Case	35.3	9.9
-0.013948854407640867	-0.005345432364959159	SRR21206690	Tang_2023	IBS-D	Case	35.3	9.9
-0.2720150442785364	0.027846594889813506	SRR21206691	Tang_2023	IBS-D	Case	35.3	9.9
-0.09638712742803937	-0.03074586335093793	SRR21206695	Tang_2023	IBS-D	Case	35.3	9.9
-0.291823126759872	-0.1777019178385268	SRR21206696	Tang_2023	IBS-D	Case	35.3	9.9
0.4316632781535567	-7.554351607794371e-4	SRR21206697	Tang_2023	IBS-D	Case	35.3	9.9
-0.32272775433583917	0.021469812877126477	SRR21206698	Tang_2023	IBS-D	Case	35.3	9.9
-0.008359067944870943	-0.01160307940957923	SRR21206699	Tang_2023	IBS-D	Case	35.3	9.9
-0.16853649740326798	-0.06889124830915608	SRR21206700	Tang_2023	IBS-D	Case	35.3	9.9
0.30239455680084654	0.06240705894211454	SRR21206702	Tang_2023	IBS-D	Case	35.3	9.9
0.3743382596946106	0.18632648730726664	SRR21206703	Tang_2023	IBS-D	Case	35.3	9.9
0.2771830275161498	0.1589376395487201	SRR21206704	Tang_2023	IBS-D	Case	35.3	9.9
-0.06457230916239551	0.22213579969331637	SRR21206705	Tang_2023	IBS-D	Case	35.3	9.9
0.2823706309560667	-0.08141766613041083	SRR21206706	Tang_2023	IBS-D	Case	35.3	9.9
-0.12936955267070963	-0.2419497911918987	SRR21206707	Tang_2023	IBS-D	Case	35.3	9.9
-0.12125021771691481	0.01179612633042929	SRR21206708	Tang_2023	IBS-D	Case	35.3	9.9
0.44424697047347944	-0.018032703242682597	SRR21206709	Tang_2023	IBS-D	Case	35.3	9.9
0.02360547530087883	0.005154878519095801	SRR21206710	Tang_2023	IBS-D	Case	35.3	9.9
0.21141599415260043	-0.05555043899629688	SRR21206711	Tang_2023	IBS-D	Case	35.3	9.9
-0.24547234905089296	-0.020692437499976773	SRR21206731	Tang_2023	IBS-D	Case	35.3	9.9
0.09834474372396534	0.25804957341843354	SRR21206658	Tang_2023	IBS-D	Control	35.3	9.9
0.31514142985913923	0.12431398275642994	SRR21206659	Tang_2023	IBS-D	Control	35.3	9.9
-0.34369238192931134	0.12052548307736648	SRR21206660	Tang_2023	IBS-D	Control	35.3	9.9
-0.21414394523082952	-0.12530358200703065	SRR21206661	Tang_2023	IBS-D	Control	35.3	9.9
0.4133302071747773	0.11426894357005703	SRR21206663	Tang_2023	IBS-D	Control	35.3	9.9
0.39538888164961283	-0.005616604232076303	SRR21206664	Tang_2023	IBS-D	Control	35.3	9.9
0.3062490043302827	-0.057214342032549916	SRR21206665	Tang_2023	IBS-D	Control	35.3	9.9
-0.3275172686222147	0.18563835465355447	SRR21206666	Tang_2023	IBS-D	Control	35.3	9.9
0.24276184217762192	-0.11221043275912031	SRR21206667	Tang_2023	IBS-D	Control	35.3	9.9
-0.09713063162529417	-0.12485698177585935	SRR21206668	Tang_2023	IBS-D	Control	35.3	9.9
