Axis1	Axis2	sample_id	study	case
0.07235611247786804	0.18209232615921694	Ziganshina_2020__SRR10802220	Ziganshina_2020	Control
-0.1309311969731919	0.07203329731835702	Ziganshina_2020__SRR10802221	Ziganshina_2020	Control
0.05360570777550166	0.0937271298002539	Ziganshina_2020__SRR10802222	Ziganshina_2020	Control
-0.3949207427917906	0.005964275408761054	Ziganshina_2020__SRR10802223	Ziganshina_2020	Control
-0.1308774101844124	0.1463254678219885	Ziganshina_2020__SRR10802224	Ziganshina_2020	Control
-0.11390569894251946	0.051536682562748584	Ziganshina_2020__SRR10802225	Ziganshina_2020	Control
-0.02502409941339514	-0.025477066690243803	Ziganshina_2020__SRR10802226	Ziganshina_2020	Control
-0.1948891592199356	0.18409904743337585	Ziganshina_2020__SRR10802227	Ziganshina_2020	Case
-0.1375603912249196	0.028999641477090662	Ziganshina_2020__SRR10802228	Ziganshina_2020	Case
-0.15332943120666856	0.1884009246563943	Ziganshina_2020__SRR10802229	Ziganshina_2020	Case
0.06832781602746564	0.15030846459553465	Ziganshina_2020__SRR10802230	Ziganshina_2020	Case
-0.022872933238320514	0.015533643892431193	Ziganshina_2020__SRR10802231	Ziganshina_2020	Case
-0.004731463072550057	0.23836560391022235	Ziganshina_2020__SRR10802232	Ziganshina_2020	Case
-0.16919508852656853	0.011794782064749015	Ziganshina_2020__SRR10802233	Ziganshina_2020	Control
0.051930705896183225	0.20402607820683216	Ziganshina_2020__SRR10802234	Ziganshina_2020	Case
-0.0253881046730042	0.17882530860849452	Ziganshina_2020__SRR10802235	Ziganshina_2020	Case
-0.12510900483947568	-0.04507113387630913	Ziganshina_2020__SRR10802236	Ziganshina_2020	Case
0.015955809706321874	-0.08350149814764758	Ziganshina_2020__SRR10802237	Ziganshina_2020	Case
0.022079347404192904	0.3041317329351085	Ziganshina_2020__SRR10802238	Ziganshina_2020	Case
0.04541970722478362	0.12992938543125238	Ziganshina_2020__SRR10802239	Ziganshina_2020	Case
-0.1052014999983292	-0.0936066738790965	Ziganshina_2020__SRR10802240	Ziganshina_2020	Case
-0.16904936132162046	-0.0597196553750372	Ziganshina_2020__SRR10802241	Ziganshina_2020	Case
-0.017395319676023566	0.21524523095578924	Ziganshina_2020__SRR10802242	Ziganshina_2020	Control
-0.1256192809857917	-0.03045913676382346	Ziganshina_2020__SRR10802243	Ziganshina_2020	Control
0.10631901745632077	0.03522448582053006	Ziganshina_2020__SRR10802244	Ziganshina_2020	Control
-0.050158442129404464	-0.032772680958039875	Ziganshina_2020__SRR10802245	Ziganshina_2020	Control
0.17923196984500944	-0.14417732594942415	Qian_2023__SRR22214972	Qian_2023	Control
0.07262352800536724	0.13730897482909957	Qian_2023__SRR22214973	Qian_2023	Control
0.25716727581044496	-0.03694671739507556	Qian_2023__SRR22214974	Qian_2023	Control
0.19599214577167082	-0.16424093679661161	Qian_2023__SRR22214975	Qian_2023	Control
0.12289963473759528	0.14853130748022184	Qian_2023__SRR22214976	Qian_2023	Case
0.12964962565148383	0.2609453437777394	Qian_2023__SRR22214977	Qian_2023	Case
0.1352734666996577	0.09100908739797563	Qian_2023__SRR22214978	Qian_2023	Case
0.14583507436789137	0.2505085868175621	Qian_2023__SRR22214979	Qian_2023	Case
0.061657434787149315	0.19246970158753107	Qian_2023__SRR22214980	Qian_2023	Case
0.1149265969405028	0.2432266369795474	Qian_2023__SRR22214981	Qian_2023	Case
0.055018234801016634	0.2890470086153515	Qian_2023__SRR22214982	Qian_2023	Case
0.1982488065224403	0.10798069618799266	Qian_2023__SRR22214983	Qian_2023	Case
0.11883984025557685	0.2586119215214953	Qian_2023__SRR22214984	Qian_2023	Case
0.15743529170850296	0.01589694877717735	Qian_2023__SRR22214985	Qian_2023	Case
0.18570920802318094	-0.0440855554359586	Qian_2023__SRR22214986	Qian_2023	Control
0.14011403252854054	0.04431260360246889	Qian_2023__SRR22214987	Qian_2023	Case
0.19662528040804403	0.14223275866233062	Qian_2023__SRR22214988	Qian_2023	Case
0.2125823547141862	0.06866300514006793	Qian_2023__SRR22214989	Qian_2023	Case
0.30483669084560405	-0.0963559050931086	Qian_2023__SRR22214990	Qian_2023	Case
0.2635444396680262	-0.2433544208481375	Qian_2023__SRR22214991	Qian_2023	Case
0.16233507238667308	0.08542149317140518	Qian_2023__SRR22214992	Qian_2023	Case
0.218394471043779	-0.30583087892755906	Qian_2023__SRR22214993	Qian_2023	Case
0.17210550468649607	0.11545143029188513	Qian_2023__SRR22214994	Qian_2023	Case
0.22192383118485667	0.13277676068743235	Qian_2023__SRR22214995	Qian_2023	Case
0.2852995079618562	-0.07799532776423286	Qian_2023__SRR22214996	Qian_2023	Case
0.22256104270522417	-0.4079254201681321	Qian_2023__SRR22214997	Qian_2023	Control
0.27603689515838253	-0.1931405964312632	Qian_2023__SRR22214998	Qian_2023	Case
0.20179068162785768	-0.23423585848145206	Qian_2023__SRR22214999	Qian_2023	Case
0.19437250156847113	0.047851311807035765	Qian_2023__SRR22215000	Qian_2023	Case
0.13996250477113162	0.06954388729450894	Qian_2023__SRR22215001	Qian_2023	Case
0.1429554299990191	-0.10204366510151584	Qian_2023__SRR22215002	Qian_2023	Case
0.23416203898076787	0.22212569905203444	Qian_2023__SRR22215003	Qian_2023	Case
0.261933597952144	-0.18735801431098434	Qian_2023__SRR22215004	Qian_2023	Case
0.2649820435867054	0.02509690821149155	Qian_2023__SRR22215005	Qian_2023	Case
0.17217307548199137	-0.21862618637050032	Qian_2023__SRR22215006	Qian_2023	Case
0.1981750507564409	-0.09828475679702664	Qian_2023__SRR22215007	Qian_2023	Case
0.2287540056323156	-0.266089470682389	Qian_2023__SRR22215008	Qian_2023	Control
-0.015999780771921834	0.10837198574157247	Qian_2023__SRR22215009	Qian_2023	Control
0.055812480149095726	0.18723679475095564	Qian_2023__SRR22215010	Qian_2023	Control
0.08900664376452046	0.18439831398981002	Qian_2023__SRR22215011	Qian_2023	Control
0.1953444312176049	0.1708333886514508	Qian_2023__SRR22215012	Qian_2023	Control
0.044996903665667144	0.006328857164397028	Qian_2023__SRR22215013	Qian_2023	Control
-0.04216958185431746	0.27017057317819154	Qian_2023__SRR22215014	Qian_2023	Control
-0.02030215362875991	-0.03719726238278233	Qian_2023__SRR22215015	Qian_2023	Control
0.10047572998054223	-0.06674435259957966	Qian_2023__SRR22215016	Qian_2023	Control
0.07682240255864872	0.08864960906166751	Qian_2023__SRR22215017	Qian_2023	Control
0.06447322271251558	0.15831292641368241	Qian_2023__SRR22215018	Qian_2023	Control
0.10539079645043714	-0.09311004169253986	Qian_2023__SRR22215019	Qian_2023	Control
0.10325645964496696	0.0147778810828034	Qian_2023__SRR22215020	Qian_2023	Control
0.13413747138398713	0.07152364786848449	Qian_2023__SRR22215021	Qian_2023	Control
0.275971736828907	-0.06818771153604668	Qian_2023__SRR22215022	Qian_2023	Control
0.26324156278765254	-0.15011907154562645	Qian_2023__SRR22215023	Qian_2023	Control
0.251963455827393	-0.24438118370584688	Qian_2023__SRR22215024	Qian_2023	Control
0.10490840629951816	0.2898708406277172	Qian_2023__SRR22215025	Qian_2023	Control
0.10837746072692611	-0.02923419736400122	Qian_2023__SRR22215026	Qian_2023	Control
-0.2656405798579311	0.09300336964580988	Qian_2023__SRR22215027	Qian_2023	Control
-0.1849152491272447	0.21527443839857568	Qian_2023__SRR22215028	Qian_2023	Control
0.21664103644381633	-0.3405674954087039	Qian_2023__SRR22215029	Qian_2023	Control
0.06186118327591379	-0.24692916007022028	Qian_2023__SRR22215030	Qian_2023	Control
0.17612195617373955	0.05201697313690945	Qian_2023__SRR22215031	Qian_2023	Control
-0.15364987509054384	-0.07478135700560838	Hao_2022__SRR18688581	Hao_2022	Control
-0.12049111551410147	-0.32450193307693176	Hao_2022__SRR18688582	Hao_2022	Control
-0.44606181564640074	0.07935181100510882	Hao_2022__SRR18688584	Hao_2022	Case
-0.431209626135224	0.031262472329203934	Hao_2022__SRR18688585	Hao_2022	Case
-0.503529363725043	0.054006982583358475	Hao_2022__SRR18688588	Hao_2022	Case
-0.447754156623123	0.010119706878322336	Hao_2022__SRR18688589	Hao_2022	Case
-0.5604692575713551	0.06735539236762964	Hao_2022__SRR18688593	Hao_2022	Case
-0.5769699924104775	0.027872247490217834	Hao_2022__SRR18688594	Hao_2022	Case
-0.3739477117319956	-0.12465507814110459	Hao_2022__SRR18688597	Hao_2022	Case
-0.19699769174653334	-0.21667032479101972	Hao_2022__SRR18688598	Hao_2022	Case
-0.2644377443785144	-0.18180393253651303	Hao_2022__SRR18688601	Hao_2022	Case
0.09617507757777517	-0.2763418046084731	Hao_2022__SRR18688602	Hao_2022	Case
-0.2478303558837508	-0.09421244406152833	Hao_2022__SRR18688603	Hao_2022	Case
-0.3758956674143928	-0.11564224875143535	Hao_2022__SRR18688606	Hao_2022	Case
-0.31543293440574555	-0.16102838624951926	Hao_2022__SRR18688607	Hao_2022	Case
-0.0886164076770821	-0.3131302503426243	Hao_2022__SRR18688610	Hao_2022	Control
-0.06460144779179416	-0.279336457829107	Hao_2022__SRR18688611	Hao_2022	Control
-0.20779345264674992	-0.1374096632175412	Hao_2022__SRR18688614	Hao_2022	Case
-0.19200064800047764	-0.12402861785952142	Hao_2022__SRR18688615	Hao_2022	Control
-0.2731080965578984	-0.1660806631842974	Hao_2022__SRR18688616	Hao_2022	Control
-0.17941065364755462	-0.2602227748804961	Hao_2022__SRR18688619	Hao_2022	Control
-0.525075098555483	-0.07145008068767289	Hao_2022__SRR18688620	Hao_2022	Control
-0.29182338525351215	-0.0792497216189693	Hao_2022__SRR18688623	Hao_2022	Case
-0.3448083569484175	-0.09799869592607414	Hao_2022__SRR18688624	Hao_2022	Case
