Genus_silva	Genus_ehomd	n_asvs
Prevotella	Segatella	1136
Prevotella	Hoylesella	757
Actinomyces	Schaalia	602
Muribaculaceae	Odoribacteraceae [G7]	405
Leptotrichia	Pseudoleptotrichia	386
Clostridia_UCG-014	Ruminococcaceae [G2]	183
Rikenellaceae_RC9_gut_group	Odoribacteraceae [G3]	163
Actinobacillus	Haemophilus	134
uncultured	Pedobacter	130
Atopobium	Lancefieldella	120
Prevotella	Hallella	111
Absconditabacteriales_(SR1)	Absconditicoccaceae [G1]	109
uncultured	Desulfovibrio	108
Bacteroides	Phocaeicola	106
Lentimicrobium	Odoribacteraceae [G5]	101
Saccharimonadales	Nanogingivalis	101
P5D1-392	Streptococcus	99
Centipeda	Selenomonas	90
Clostridia_UCG-014	Ruminococcaceae [G1]	90
Selenomonas	Selenomonadaceae [G1]	82
Candidatus_Saccharimonas	Nanosyncoccus	80
Bergeyella	Weeksellaceae [G1]	77
Subgroup_7	Anaerovoracaceae [G3]	77
Johnsonella	Lachnospiraceae [G3]	74
uncultured	Caldilinea	72
[Eubacterium]_nodatum_group	Anaerovoracaceae [G1]	70
Lactobacillus	Limosilactobacillus	67
Saccharimonadaceae	Saccharimonas	66
Woeseia	Pseudomonas	64
Bergeyella	Riemerella	63
Ruminococcus	Hominimerdicola	62
TM7x	Nanosynbacter	62
Clostridium_sensu_stricto_1	Clostridiales [F3 G1]	61
Arenimonas	Stenotrophomonas	58
uncultured	Haematobacter	58
Mycoplasma	Metamycoplasma	57
Comamonas	Ottowia	56
Lysobacter	Stenotrophomonas	56
Alysiella	Kingella	55
F0058	Paludibacteraceae [G1]	55
Stomatobaculum	Moryella	53
Ellin6067	Schlegelella	50
TRA3-20	Oryzomicrobium	50
MB-A2-108	Olsenella	48
Clostridia_vadinBB60_group	Clostridiales [F1 G1]	47
[Eubacterium]_yurii_group	Peptoanaerobacter	45
Christensenellaceae_R-7_group	Clostridiales [F1 G2]	42
Granulicatella	Enterococcus	42
uncultured	Roseomonas	42
Saccharimonadales	Nanoperiomorbus	39
Vicinamibacteraceae	Desulfovibrio	39
Nocardioides	Mycobacterium	38
uncultured	Mitsuokella	38
MND1	Ralstonia	37
Roseburia	Agathobacter	36
[Eubacterium]_brachy_group	Gallibacter	36
[Eubacterium]_nodatum_group	Hornefia	36
Defluviitaleaceae_UCG-011	Lachnospiraceae [G8]	35
Luteimonas	Stenotrophomonas	35
Pseudopropionibacterium	Arachnia	35
Allorhizobium-Neorhizobium-Pararhizobium-Rhizobium	Agrobacterium	32
Family_XIII_UCG-001	Anaerovoracaceae [G2]	32
uncultured	Lancefieldella	32
uncultured	Novosphingobium	32
Acholeplasma	Mollicutes [O1 F1 G1]	31
Aquicella	Moraxella	31
Bacillus	Anoxybacillus	30
Aggregatibacter	Haemophilus	29
Chloroplast	Arthrospira	28
F0332	Peptidiphaga	28
uncultured	Lachnospiraceae [G2]	28
Colidextribacter	Fastidiosipila	27
Lactobacillus	Ligilactobacillus	27
Amnipila	Anaerovoracaceae [G5]	26
JGI_0000069-P22	Patescibacteria [C1 O1 F1 G1]	26
Nitrosomonas	Schlegelella	26
Haliangium	Afipia	25
Lachnospiraceae_NK4A136_group	Lachnospiraceae [G2]	25
[Eubacterium]_saphenum_group	Anaerovoracaceae [G5]	25
uncultured	Pseudomonas	25
Bergeyella	Cloacibacterium	24
Erysipelotrichaceae_UCG-006	Erysipelotrichaceae [G1]	23
Parasutterella	Lautropia	23
uncultured	Afipia	23
uncultured	Enhydrobacter	23
Pseudoxanthomonas	Stenotrophomonas	22
S085	Clostridiales [F3 G1]	22
Chryseolinea	Pedobacter	21
Lachnoclostridium	Lachnospiraceae [G2]	21
Subdoligranulum	Faecalibacterium	21
uncultured	Moraxella	21
SC-I-84	Schlegelella	20
Conexibacter	Anaerovoracaceae [G2]	19
IMCC26256	Lancefieldella	19
Methylobacterium-Methylorubrum	Afipia	19
Streptomyces	Kocuria	19
uncultured	Fastidiosipila	19
Muribaculaceae	Porphyromonas	18
uncultured	Stenotrophomonas	18
Collinsella	Olsenella	17
Haemophilus	Aggregatibacter	17
Nitrosospira	Oryzomicrobium	17
UCG-005	Ruminococcaceae [G3]	17
uncultured	Peptoniphilaceae [G2]	17
Altererythrobacter	Erythrobacter	16
Mycobacterium	Mycolicibacterium	16
Ohtaekwangia	Pedobacter	16
Oscillibacter	Clostridiales [F3 G1]	16
Rokubacteriales	Peptococcus	16
S0134_terrestrial_group	Desulfovibrio	16
Skermanella	Roseomonas	16
Terrimonas	Segetibacter	16
uncultured	Kocuria	16
Agromyces	Microbacterium	15
Blautia	Stomatobaculum	15
Candidatus_Saccharimonas	Saccharimonadales [F3 G1]	15
Devosia	Mesorhizobium	15
Enterorhabdus	Cryptobacterium	15
Gaiella	Kocuria	15
Hydrogenophaga	Paenacidovorax	15
Pedomicrobium	Mesorhizobium	15
Solirubrobacter	Anaerovoracaceae [G2]	15
Subgroup_10	Anaerovoracaceae [G3]	15
uncultured	Flavitalea	15
AKAU4049	Desulfovibrio	14
Blautia	Lachnoanaerobaculum	14
Candidatus_Berkiella	Moraxella	14
Flavobacterium	Capnocytophaga	14
MND1	Oryzomicrobium	14
Reyranella	Enhydrobacter	14
UCG-010	Ruminococcaceae [G3]	14
uncultured	Segatella	14
uncultured	Sneathia	14
uncultured	Stomatobaculum	14
Dokdonella	Stenotrophomonas	13
Gracilibacteria	Patescibacteria [C1 O1 F1 G2]	13
Lachnoclostridium	Stomatobaculum	13
Marinobacter	Pseudomonas	13
Noviherbaspirillum	Ralstonia	13
Saccharimonadales	Saccharimonas	13
Subgroup_10	Selenomonas	13
[Ruminococcus]_torques_group	Agathobacter	13
uncultured	Anaerovoracaceae [G4]	13
Bacillus	Gemella	12
Coprococcus	Lachnospiraceae [G2]	12
MBNT15	Desulfomicrobium	12
Mucilaginibacter	Pedobacter	12
Pseudonocardia	Mycobacterium	12
Streptobacillus	Pseudoleptotrichia	12
uncultured	Pseudoramibacter	12
Acidibacter	Moraxella	11
Azoarcus	Oryzomicrobium	11
Flavisolibacter	Segetibacter	11
Lachnospiraceae_UCG-004	Oribacterium	11
Massilia	Leptothrix	11
Polycyclovorans	Moraxella	11
Prevotellaceae	Segatella	11
TK10	Caldilinea	11
[Eubacterium]_brachy_group	Anaerovoracaceae [G3]	11
uncultured	Propionibacteriaceae [G1]	11
uncultured	Selenomonas	11
Aeromonas	Serratia	10
EF100-94H03	Haematobacter	10
EPR3968-O8a-Bc78	Cardiobacterium	10
Erysipelatoclostridium	Erysipelothrix	10
Hyphomicrobium	Mesorhizobium	10
Lactobacillus	Lentilactobacillus	10
Megasphaera	Anaeroglobus	10
NK4A214_group	Ruminococcaceae [G3]	10
Phenylobacterium	Caulobacter	10
Sphaerochaeta	Treponema	10
Sphingobacterium	Pedobacter	10
UCG-002	Fastidiosipila	10
Veillonellaceae	Dialister	10
Vibrio	Serratia	10
[Ruminococcus]_gnavus_group	Lachnospiraceae [G2]	10
uncultured	Clostridiales [F1 G2]	10
uncultured	Mycobacterium	10
11-24	Selenomonas	9
BD2-11_terrestrial_group	Desulfovibrio	9
Bacteroidales_RF16_group	Porphyromonas	9
Bosea	Afipia	9
Candidatus_Stoquefichus	Eggerthia	9
Cohnella	Paenibacillus	9
Dongia	Enhydrobacter	9
Escherichia-Shigella	Escherichia	9
FCPS473	Fretibacterium	9
Ga0077536	Pseudomonas	9
Howardella	Lachnospiraceae [G7]	9
Johnsonella	Lachnospiraceae [G2]	9
Kingella	Neisseria	9
NK4A214_group	Fastidiosipila	9
Pseudohongiella	Pseudomonas	9
Rothia	Kocuria	9
Selenomonas	Mitsuokella	9
Sphingobium	Novosphingobium	9
Sphingopyxis	Novosphingobium	9
UBA1819	Faecalibacterium	9
uncultured	Clostridiales [F3 G1]	9
uncultured	Hoylesella	9
uncultured	Micavibrio	9
wb1-P19	Pseudomonas	9
AKAU4049	Peptococcus	8
Anaerotruncus	Hominimerdicola	8
Arthrobacter	Kocuria	8
Burkholderia-Caballeronia-Paraburkholderia	Burkholderia	8
Chitinophaga	Segetibacter	8
Colidextribacter	Ruminococcaceae [G3]	8
Family_XIII_AD3011_group	Mogibacterium	8
Halomonas	Moraxella	8
KD4-96	Clostridiales [F3 G1]	8
Lachnospiraceae_UCG-010	Anaerovoracaceae [G3]	8
Marinobacterium	Pseudomonas	8
Monoglobus	Clostridiales [F3 G1]	8
NB1-j	Desulfovibrio	8
NS11-12_marine_group	Pedobacter	8
Niastella	Segetibacter	8
Prevotella	Alloprevotella	8
Prevotellaceae_UCG-001	Hallella	8
Prevotellaceae_UCG-001	Hoylesella	8
Prevotellaceae_UCG-003	Alloprevotella	8
Rhizobacter	Leptothrix	8
Senegalimassilia	Olsenella	8
UCG-005	Clostridiales [F3 G1]	8
[Eubacterium]_hallii_group	Lachnospiraceae [G10]	8
uncultured	Leptothrix	8
uncultured	Mesorhizobium	8
uncultured	Ruminococcaceae [G3]	8
uncultured	Segetibacter	8
AKYG1722	Selenomonas	7
B1-7BS	Oryzomicrobium	7
Bradymonadales	Desulfomicrobium	7
Coriobacteriaceae_UCG-002	Olsenella	7
HOC36	Pseudomonas	7
Harryflintia	Catonella	7
Izemoplasmatales	Mollicutes [O2 F2 G2]	7
KI89A_clade	Pseudomonas	7
Lachnospiraceae_NK3A20_group	Butyrivibrio	7
Lachnospiraceae_NK4A136_group	Lachnoanaerobaculum	7
Lactobacillus	Lacticaseibacillus	7
Lactobacillus	Streptococcus	7
Legionella	Pseudomonas	7
Longimicrobiaceae	Olsenella	7
Microcoleus_SAG_1449-1a	Arthrospira	7
Mycoplasma	Mycoplasmopsis	7
P5D1-392	Granulicatella	7
PLTA13	Moraxella	7
Rhodanobacter	Pseudomonas	7
SBR1031	Caldilinea	7
Saccharimonadales	Saccharimonadales [F1 G1]	7
Sulfurifustis	Moraxella	7
Tagaea	Roseomonas	7
uncultured	Aggregatibacter	7
uncultured	Arthrospira	7
uncultured	Butyrivibrio	7
uncultured	Catonella	7
uncultured	Hominimerdicola	7
uncultured	Oryzomicrobium	7
0319-6G20	Gemella	6
Acidothermus	Kocuria	6
Actinoplanes	Kocuria	6
Adhaeribacter	Pedobacter	6
Amb-16S-1323	Afipia	6
Anaerosporobacter	Lachnospiraceae [G2]	6
Arenibacter	Capnocytophaga	6
Asinibacterium	Flavitalea	6
Bacillus	Enterococcus	6
Bacteroides	Porphyromonas	6
Blastococcus	Mycobacterium	6
Burkholderia-Caballeronia-Paraburkholderia	Ralstonia	6
Candidatus_Nitrotoga	Oryzomicrobium	6
Candidatus_Ovatusbacter	Moraxella	6
Chryseobacterium	Weeksellaceae [G1]	6
Coxiella	Pseudomonas	6
Devosia	Agrobacterium	6
Dorea	Lachnospiraceae [G2]	6
Dubosiella	Erysipelotrichaceae [G1]	6
Ellin6055	Sphingomonas	6
Enterorhabdus	Eggerthella	6
Escherichia-Shigella	Serratia	6
Ferruginibacter	Segetibacter	6
HOC36	Moraxella	6
Hirschia	Aquamicrobium	6
Hungatella	Lachnospiraceae [G2]	6
Intestinimonas	Ruminococcaceae [G3]	6
Limibaculum	Haematobacter	6
MB-A2-108	Lancefieldella	6
MND1	Schlegelella	6
Methylophaga	Pseudomonas	6
Methylotenera	Kingella	6
Microvirga	Afipia	6
PHOS-HE36	Ignavibacterium	6
Paraprevotella	Alloprevotella	6
Phascolarctobacterium	Selenomonas	6
Prevotellaceae_UCG-001	Prevotella	6
Psychrobacter	Moraxella	6
Quadrisphaera	Kocuria	6
Ramlibacter	Paenacidovorax	6
SJA-15	Caldilinea	6
SWB02	Caulobacter	6
Simonsiella	Neisseria	6
Streptobacillus	Leptotrichia	6
UCG-009	Ruminococcaceae [G3]	6
W5053	Peptoniphilaceae [G1]	6
Zoogloea	Oryzomicrobium	6
[Eubacterium]_coprostanoligenes_group	Clostridiales [F3 G1]	6
[Eubacterium]_coprostanoligenes_group	Selenomonas	6
[Eubacterium]_eligens_group	Butyrivibrio	6
uncultured	Anaerovoracaceae [G2]	6
uncultured	Campylobacter	6
uncultured	Paenibacillus	6
uncultured	Porphyromonas	6
uncultured	Prevotella	6
67-14	Anaerovoracaceae [G2]	5
ASF356	Anaerovoracaceae [G3]	5
Acidovorax	Paenacidovorax	5
Adlercreutzia	Eggerthella	5
Anaerovibrio	Selenomonas	5
Aquabacterium	Leptothrix	5
Azospira	Oryzomicrobium	5
Blfdi19	Erythrobacter	5
C1-B045	Pseudomonas	5
Candidatus_Arthromitus	Clostridiales [F3 G1]	5
Cetobacterium	Fusobacterium	5
Clostridium_sensu_stricto_8	Clostridiales [F3 G1]	5
Coprococcus	Agathobacter	5
Edaphobaculum	Flavitalea	5
Enhydrobacter	Moraxella	5
GCA-900066575	Lachnospiraceae [G2]	5
Holdemanella	Erysipelotrichaceae [G1]	5
IS-44	Oryzomicrobium	5
Lachnospiraceae_AC2044_group	Lachnospiraceae [G2]	5
Lachnospiraceae_NK4A136_group	Butyrivibrio	5
Lachnospiraceae_NK4A136_group	Johnsonella	5
Lechevalieria	Kocuria	5
Litorilinea	Caldilinea	5
Megamonas	Selenomonas	5
Methyloceanibacter	Haematobacter	5
Nitrosomonas	Oryzomicrobium	5
Ochrobactrum	Brucella	5
P3OB-42	Desulfomicrobium	5
Psychrobacillus	Enterococcus	5
Puia	Segetibacter	5
Rheinheimera	Serratia	5
Rhodocytophaga	Pedobacter	5
Rs-E47_termite_group	Pedobacter	5
Rubellimicrobium	Haematobacter	5
SAR202_clade	Clostridiales [F3 G1]	5
Sediminicola	Capnocytophaga	5
Streptomyces	Actinomyces	5
Suttonella	Cardiobacterium	5
TM7a	Nanosynbacter	5
Thauera	Oryzomicrobium	5
Turicibacter	Gemella	5
Tuzzerella	Anaerovoracaceae [G3]	5
UCG-005	Fastidiosipila	5
[Eubacterium]_xylanophilum_group	Lachnospiraceae [G2]	5
dgA-11_gut_group	Odoribacteraceae [G3]	5
uncultured	Peptococcus	5
0319-7L14	Kocuria	4
Adhaeribacter	Flavitalea	4
Aerococcus	Abiotrophia	4
Algoriphagus	Flavitalea	4
Bauldia	Afipia	4
Bilophila	Desulfovibrio	4
Blautia	Butyrivibrio	4
Bryobacter	Anaerovoracaceae [G2]	4
CCD24	Cardiobacterium	4
CL500-29_marine_group	Propionibacteriaceae [G1]	4
Candidatus_Berkiella	Pseudomonas	4
Candidatus_Solibacter	Anaerovoracaceae [G2]	4
Caulobacter	Brevundimonas	4
Cellvibrio	Pseudomonas	4
Christensenellaceae_R-7_group	Anaerovoracaceae [G3]	4
Crossiella	Mycobacterium	4
Dechloromonas	Oryzomicrobium	4
EPR3968-O8a-Bc78	Pseudomonas	4
EV818SWSAP88	Moraxella	4
Facklamia	Abiotrophia	4
Family_XIII_AD3011_group	Anaerovoracaceae [G1]	4
Family_XIII_AD3011_group	Anaerovoracaceae [G3]	4
Faucicola	Moraxella	4
Fenollaria	Peptoniphilaceae [G3]	4
Gaiella	Lancefieldella	4
Gemmatimonas	Pseudoramibacter	4
Geobacillus	Anoxybacillus	4
Gilliamella	Aggregatibacter	4
JG30-KF-CM66	Clostridiales [F3 G1]	4
JTB23	Moraxella	4
KD4-96	Enterococcus	4
Kapabacteriales	Ignavibacterium	4
Lachnospiraceae_NC2004_group	Lachnospiraceae [G2]	4
Lachnospiraceae_ND3007_group	Butyrivibrio	4
Lachnospiraceae_NK4A136_group	Stomatobaculum	4
Lysobacter	Pseudomonas	4
MM2	Oryzomicrobium	4
Microbulbifer	Pseudomonas	4
Micromonospora	Kocuria	4
Muribaculaceae	Tannerella	4
Nevskia	Pseudomonas	4
Nitrococcus	Pseudomonas	4
P5D1-392	Enterococcus	4
Paenisporosarcina	Enterococcus	4
Pediococcus	Lentilactobacillus	4
Pedomicrobium	Afipia	4
Pelomonas	Leptothrix	4
Pontibacter	Flavitalea	4
Porticoccus	Pseudomonas	4
Prevotellaceae_UCG-003	Prevotella	4
Raoultella	Kluyvera	4
Rhodanobacter	Lautropia	4
Rhodomicrobium	Mesorhizobium	4
Rodentibacter	Aggregatibacter	4
S15-21	Pedobacter	4
SAR202_clade	Anaerovoracaceae [G3]	4
Saccharimonadaceae	Saccharimonadales [F3 G1]	4
Saccharofermentans	Ruminococcaceae [G3]	4
Shewanella	Serratia	4
Solibacillus	Lysinibacillus	4
Steroidobacter	Moraxella	4
Steroidobacter	Pseudomonas	4
Sulfurifustis	Pseudomonas	4
TM7a	Parvisynbacter	4
TM7x	Parvisynbacter	4
Taibaiella	Flavitalea	4
Tepidiphilus	Leptothrix	4
Terrisporobacter	Peptostreptococcus	4
Thermomonas	Stenotrophomonas	4
Tyzzerella	Agathobacter	4
Tyzzerella	Anaerovoracaceae [G3]	4
Vitellibacter	Capnocytophaga	4
Wolinella	Helicobacter	4
Zeaxanthinibacter	Capnocytophaga	4
bacteriap25	Haematobacter	4
mle1-7	Oryzomicrobium	4
uncultured	Anaerovoracaceae [G3]	4
uncultured	Caulobacter	4
uncultured	Desulfobulbus	4
uncultured	Desulfomicrobium	4
uncultured	Erysipelotrichaceae [G1]	4
uncultured	Olsenella	4
uncultured	Riemerella	4
uncultured	Schlegelella	4
211ds20	Pseudomonas	3
A0839	Caulobacter	3
AKAU4049	Aggregatibacter	3
AKAU4049	Desulfomicrobium	3
Acetobacter	Roseomonas	3
Acidaminococcus	Selenomonas	3
Actinomyces	Treponema	3
Aeromicrobium	Kocuria	3
Alysiella	Simonsiella	3
Amaricoccus	Haematobacter	3
Anaerovibrio	Mitsuokella	3
Bacteroides	Alloprevotella	3
Bacteroides	Prevotella	3
Bacteroidetes_vadinHA17	Pedobacter	3
Barnesiella	Odoribacteraceae [G7]	3
Bauldia	Aquamicrobium	3
Brachybacterium	Dermabacter	3
Butyricicoccus	Stomatobaculum	3
CCD24	Pseudomonas	3
Candidatus_Entotheonella	Anaerovoracaceae [G3]	3
Catenibacterium	Eggerthia	3
Chloroplast	Selenomonadaceae [G1]	3
Clostridia_vadinBB60_group	Anaerovoracaceae [G3]	3
Colwellia	Pseudomonas	3
Cupriavidus	Ralstonia	3
Eel-36e1D6	Erythrobacter	3
Ensifer	Aquamicrobium	3
Ensifer	Mesorhizobium	3
Escherichia-Shigella	Streptococcus	3
F082	Pedobacter	3
Fimbriimonadaceae	Corynebacterium	3
Flexilinea	Anaerolineae [G1]	3
Fluviicola	Weeksellaceae [G1]	3
Fournierella	Faecalibacterium	3
HOC36	Cardiobacterium	3
Haliangium	Novosphingobium	3
Halobacillus	Streptococcus	3
Halomonas	Pseudomonas	3
Herbaspirillum	Leptothrix	3
IMCC26256	Corynebacterium	3
Iamia	Mycobacterium	3
JG30-KF-AS9	Caldilinea	3
KD3-93	Pedobacter	3
KF-JG30-C25	Moraxella	3
Kapabacteriales	Melioribacter	3
Lactobacillus	Lactiplantibacillus	3
Lentimicrobium	Pedobacter	3
Leucobacter	Microbacterium	3
Limnobacter	Schlegelella	3
Longimicrobiaceae	Desulfovibrio	3
Longispora	Mycobacterium	3
Mariniflexile	Riemerella	3
Marvinbryantia	Agathobacter	3
Mesorhizobium	Aquamicrobium	3
Methyloprofundus	Moraxella	3
Microbacteriaceae	Microbacterium	3
Monoglobus	Selenomonas	3
Muribaculaceae	Alloprevotella	3
Negativibacillus	Catonella	3
Nitrospira	Desulfovibrio	3
Nocardioides	Kocuria	3
OM27_clade	Caulobacter	3
Odoribacter	Porphyromonas	3
Olivibacter	Pedobacter	3
Parapedobacter	Pedobacter	3
Piscinibacter	Schlegelella	3
Pseudarthrobacter	Micrococcus	3
Pseudochrobactrum	Brucella	3
Pseudoflavitalea	Segetibacter	3
Pseudomonas	Fusobacterium	3
Pseudomonas	Streptococcus	3
Pseudomonas	Stutzerimonas	3
R7C24	Moraxella	3
Rhodopseudomonas	Bradyrhizobium	3
Roseburia	Butyrivibrio	3
Ruminobacter	Aggregatibacter	3
Serratia	Yersinia	3
Sinomonas	Kocuria	3
Sphingobacteriaceae	Pedobacter	3
Sporosarcina	Gemella	3
Streptobacillus	Sneathia	3
Streptococcus	Hoylesella	3
Subgroup_21	Pseudoramibacter	3
Subgroup_21	Selenomonas	3
Succinivibrio	Moraxella	3
Tahibacter	Stenotrophomonas	3
Thiogranum	Pseudomonas	3
UCG-003	Clostridiales [F3 G1]	3
UCG-004	Erysipelotrichaceae [G1]	3
UTBCD1	Segetibacter	3
Vibrio	Aggregatibacter	3
Virgibacillus	Bacillus	3
Xanthomonas	Stenotrophomonas	3
[Eubacterium]_coprostanoligenes_group	Stomatobaculum	3
[Eubacterium]_siraeum_group	Hominimerdicola	3
[Rhizobium]_sphaerophysae_group	Agrobacterium	3
bacteriap25	Desulfovibrio	3
p-251-o5	Porphyromonas	3
p-2534-18B5_gut_group	Odoribacteraceae [G4]	3
pLW-20	Moraxella	3
uncultured	Acinetobacter	3
uncultured	Alloprevotella	3
uncultured	Anaerovoracaceae [G8]	3
uncultured	Brevundimonas	3
uncultured	Fusobacterium	3
uncultured	Gemella	3
uncultured	Lachnoanaerobaculum	3
uncultured	Neisseriaceae [G1]	3
uncultured	Peptidiphaga	3
uncultured	Peptoanaerobacter	3
211ds20	Moraxella	2
A21b	Schlegelella	2
A4b	Caldilinea	2
Acetitomaculum	Butyrivibrio	2
Acetitomaculum	Lachnospiraceae [G7]	2
Actinomadura	Kocuria	2
Aerococcus	Granulicatella	2
Afipia	Bradyrhizobium	2
Aggregatibacter	Fusobacterium	2
Aggregatibacter	Streptococcus	2
Ahniella	Pseudomonas	2
Alcanivorax	Pseudomonas	2
Alloprevotella	Prevotella	2
Aminobacter	Aquamicrobium	2
Arcobacter	Campylobacter	2
Atopobium	Olegusella	2
Aurantisolimonas	Flavitalea	2
B1-7BS	Schlegelella	2
BD1-7_clade	Moraxella	2
BD2-11_terrestrial_group	Desulfomicrobium	2
BIrii41	Haematobacter	2
BIyi10	Moraxella	2
Bacillus	Alkalihalobacillus	2
Bacteroides	Hoylesella	2
Bacteroidetes_BD2-2	Pedobacter	2
Bacteroidetes_VC2.1_Bac22	Pedobacter	2
Belnapia	Roseomonas	2
Bifidobacterium	Scardovia	2
Brachymonas	Paenacidovorax	2
Bryobacter	Lachnospiraceae [G7]	2
CCD24	Aggregatibacter	2
Candidatus_Ovatusbacter	Pseudomonas	2
Candidatus_Solibacter	Peptoniphilaceae [G2]	2
Capnocytophaga	Cloacibacterium	2
Capnocytophaga	Porphyromonas	2
Castellaniella	Bordetella	2
Cellulosilyticum	Anaerovoracaceae [G3]	2
Cerasibacillus	Abiotrophia	2
Chitinophagaceae	Segetibacter	2
Clostridia_vadinBB60_group	Anaerovoracaceae [G1]	2
Clostridium_sensu_stricto_13	Clostridiales [F3 G1]	2
Coprobacter	Tannerella	2
DNF00809	Eggerthella	2
Defluviicoccus	Haematobacter	2
Defluviitaleaceae_UCG-011	Anaerovoracaceae [G3]	2
Denitratisoma	Oryzomicrobium	2
Dialister	Neisseria	2
Dolosicoccus	Abiotrophia	2
Domibacillus	Enterococcus	2
Dongia	Roseomonas	2
Dubosiella	Solobacterium	2
E1B-B3-114	Pseudomonas	2
Eikenella	Kingella	2
Elizabethkingia	Riemerella	2
Enterorhabdus	Olsenella	2
Erysipelotrichaceae	Erysipelothrix	2
Escherichia-Shigella	Veillonella	2
F082	Porphyromonas	2
Faecalibaculum	Erysipelotrichaceae [G1]	2
Falsirhodobacter	Rhodobacter	2
Fontimonas	Leptothrix	2
Gastranaerophilales	Desulfomicrobium	2
Gemella	Fusobacterium	2
Gemella	Streptococcus	2
Geodermatophilus	Mycobacterium	2
Granulosicoccus	Cardiobacterium	2
Haliangium	Haematobacter	2
Halobacillus	Peptostreptococcus	2
Herbaspirillum	Ralstonia	2
Hoeflea	Aquamicrobium	2
Hydrogenedensaceae	Selenomonas	2
Hypnocyclicus	Fusobacterium	2
IS-44	Schlegelella	2
Intestinibacter	Peptostreptococcus	2
Iodidimonas	Haematobacter	2
JG30-KF-CM45	Caldilinea	2
JG30-KF-CM66	Caldilinea	2
Jeotgalibaca	Enterococcus	2
KI89A_clade	Aggregatibacter	2
LWQ8	Saccharimonas	2
Lachnoclostridium	Oribacterium	2
Lachnospira	Butyrivibrio	2
Lachnospira	Lachnospiraceae [G10]	2
Lachnospiraceae	Lachnospiraceae [G10]	2
Lachnospiraceae_UCG-004	Lachnospiraceae [G2]	2
Lachnospiraceae_UCG-004	Porphyromonas	2
Lachnospiraceae_UCG-004	Ruminococcaceae [G2]	2
Lachnospiraceae_UCG-004	Stomatobaculum	2
Lachnospiraceae_UCG-006	Lachnospiraceae [G2]	2
Lachnospiraceae_UCG-008	Lachnospiraceae [G2]	2
Lacibacter	Segetibacter	2
Lactobacillus	Abiotrophia	2
Lactobacillus	Granulicatella	2
Lactobacillus	Levilactobacillus	2
Lactobacillus	Selenomonas	2
Leuconostoc	Limosilactobacillus	2
Limnobacter	Leptothrix	2
MBAE14	Pseudomonas	2
MND1	Lautropia	2
Marinoscillum	Pedobacter	2
Marmoricola	Propionibacteriaceae [G1]	2
Massilia	Ottowia	2
Massilia	Ralstonia	2
Methylobacillus	Oryzomicrobium	2
Methylocaldum	Pseudomonas	2
Methyloversatilis	Oryzomicrobium	2
Mitochondria	Sphingomonas	2
Monoglobus	Fastidiosipila	2
Moryella	Lachnospiraceae [G2]	2
Muribaculaceae	Prevotella	2
Muribaculum	Odoribacteraceae [G7]	2
NS11-12_marine_group	Alistipes	2
Neisseria	Eikenella	2
Neochlamydia	Chlamydia	2
Nevskia	Moraxella	2
Nitriliruptoraceae	Olsenella	2
Nitrosospira	Schlegelella	2
Novosphingobium	Erythrobacter	2
OLB14	Caldilinea	2
OM27_clade	Desulfomicrobium	2
Oxalobacter	Ralstonia	2
PLTA13	Pseudomonas	2
Paenarthrobacter	Kocuria	2
Panacagrimonas	Leptothrix	2
Pantoea	Cronobacter	2
Parasegetibacter	Flavitalea	2
Parvibacter	Eggerthella	2
Parvimonas	Anaerosphaera	2
Pelagibius	Haematobacter	2
Pelospora	Syntrophomonadaceae [G1]	2
Peptoclostridium	Peptostreptococcus	2
Peptostreptococcaceae	Peptoanaerobacter	2
Peptostreptococcus	Streptococcus	2
Phaeodactylibacter	Pedobacter	2
Phormidium_SAG_37.90	Arthrospira	2
Phreatobacter	Afipia	2
Phyllobacterium	Brucella	2
Porphyromonas	Streptococcus	2
Prevotellaceae_Ga6A1_group	Alloprevotella	2
Prevotellaceae_NK3B31_group	Hoylesella	2
Propionivibrio	Oryzomicrobium	2
Pseudaminobacter	Aquamicrobium	2
Pseudoalteromonas	Serratia	2
Pseudogracilibacillus	Bacillus	2
Pseudohongiella	Aggregatibacter	2
Pseudolabrys	Afipia	2
Qipengyuania	Novosphingobium	2
RF39	Erysipelothrix	2
RF39	Hoylesella	2
RF39	Solobacterium	2
Rhizorhapis	Novosphingobium	2
Rhodobacter	Haematobacter	2
Rhodomicrobium	Afipia	2
Rhodoplanes	Afipia	2
Rikenella	Alistipes	2
S085	Caldilinea	2
SAR324_clade(Marine_group_B)	Desulfomicrobium	2
SAR324_clade(Marine_group_B)	Desulfovibrio	2
SM2D12	Afipia	2
SM2D12	Erythrobacter	2
Saccharimonadales	Saccharimonadales [F2 G1]	2
Saccharimonadales	Saccharimonadales [F4 G1]	2
Sediminispirochaeta	Treponema	2
Sericytochromatia	Selenomonas	2
Silicimonas	Haematobacter	2
Sporosarcina	Enterococcus	2
Streptococcus	Ruminococcaceae [G2]	2
Subgroup_21	Clostridiales [F1 G2]	2
Succinivibrio	Aggregatibacter	2
Sutterella	Schlegelella	2
TX1A-55	Moraxella	2
Tropheryma	Microbacterium	2
Tumebacillus	Paenibacillus	2
UCG-002	Clostridiales [F3 G1]	2
UCG-004	Erysipelothrix	2
UCG-005	Corynebacterium	2
UCG-009	Clostridiales [F3 G1]	2
UCG-010	Lachnospiraceae [G2]	2
Veillonella	Leptotrichia	2
Veillonella	Megasphaera	2
Veillonella	Solobacterium	2
Veillonella	Streptococcus	2
Veillonellaceae_UCG-001	Selenomonas	2
Vicinamibacteraceae	Corynebacterium	2
Williamwhitmania	Pedobacter	2
Wolinella	Campylobacter	2
Yaniella	Kocuria	2
Zeaxanthinibacter	Riemerella	2
[Anaerorhabdus]_furcosa_group	Erysipelothrix	2
[Bacteroides]_pectinophilus_group	Lachnospiraceae [G7]	2
[Eubacterium]_brachy_group	Anaerovoracaceae [G8]	2
[Eubacterium]_ruminantium_group	Lachnospiraceae [G10]	2
[Eubacterium]_siraeum_group	Selenomonas	2
[Eubacterium]_ventriosum_group	Lachnospiraceae [G2]	2
[Ruminococcus]_gauvreauii_group	Stomatobaculum	2
[Ruminococcus]_torques_group	Butyrivibrio	2
alphaI_cluster	Mesorhizobium	2
bacteriap25	Aggregatibacter	2
bacteriap25	Clostridiales [F3 G1]	2
bacteriap25	Desulfomicrobium	2
endosymbionts	Pseudomonas	2
uncultured	Enterococcus	2
uncultured	Erysipelothrix	2
uncultured	Faecalibacterium	2
uncultured	Fretibacterium	2
uncultured	Hallella	2
uncultured	Odoribacteraceae [G3]	2
uncultured	Ralstonia	2
uncultured	Serratia	2
uncultured	Streptococcus	2
0319-6G20	Bdellovibrio	1
0319-6G20	Desulfovibrio	1
0319-7L14	Arsenicicoccus	1
1-20	Caldilinea	1
11-24	Alloprevotella	1
1921-2	Clostridiales [F1 G2]	1
1921-3	Fretibacterium	1
37-13	Flavitalea	1
3PJM14	Pseudomonas	1
67-14	Olsenella	1
A2	Lachnospiraceae [G7]	1
A4b	Clostridiales [F3 G1]	1
AB1	Haematobacter	1
AKAU4049	Veillonella	1
AKYG1722	Streptococcus	1
Acetatifactor	Stomatobaculum	1
Acetitomaculum	Stomatobaculum	1
Acetobacteroides	Odoribacteraceae [G3]	1
Acidaminococcus	Gemella	1
Acidibacter	Anaerovoracaceae [G3]	1
Acidiphilium	Roseomonas	1
Acidothermus	Actinomyces	1
Actibacterium	Haematobacter	1
Actinobacillus	Aggregatibacter	1
Actinobacillus	Streptococcus	1
Actinocorallia	Kocuria	1
Actinomycetospora	Mycobacterium	1
Adhaeribacter	Porphyromonas	1
Adhaeribacter	Prevotella	1
Aequorivita	Capnocytophaga	1
Aequorivita	Chryseobacterium	1
Aerosphaera	Abiotrophia	1
Aestuariicella	Pseudomonas	1
Afifella	Haematobacter	1
Agathobacter	Butyrivibrio	1
Aggregatibacter	Cardiobacterium	1
Aggregatibacter	Lachnospiraceae [G3]	1
Aggregatibacter	Parvimonas	1
Aggregatibacter	Porphyromonas	1
Aggregatibacter	Selenomonas	1
Aggregatibacter	Treponema	1
Ahniella	Stenotrophomonas	1
Aliihoeflea	Aquamicrobium	1
Alistipes	Porphyromonas	1
Alkaliphilus	Anaerovoracaceae [G3]	1
Allobaculum	Erysipelotrichaceae [G1]	1
Alloprevotella	Capnocytophaga	1
Alloprevotella	Schaalia	1
Alysiella	Neisseria	1
Aminivibrio	Fretibacterium	1
Amphiplicatus	Leptothrix	1
Amycolatopsis	Kocuria	1
Amycolatopsis	Mycobacterium	1
Anaerofustis	Pseudoramibacter	1
Anaeroglobus	Dialister	1
Anaerosalibacter	Peptoniphilaceae [G2]	1
Anaerovorax	Anaerovoracaceae [G4]	1
Anaerovorax	Anaerovoracaceae [G5]	1
Ancalomicrobium	Afipia	1
Aneurinibacillus	Paenibacillus	1
Anoxybacillus	Gemella	1
Antarcticibacterium	Riemerella	1
Aquibacillus	Bacillus	1
Aquicella	Acinetobacter	1
Aquimonas	Pseudomonas	1
Arctic95B-14	Abiotrophia	1
Arcticibacter	Pedobacter	1
Armatimonadales	Kocuria	1
Asticcacaulis	Caulobacter	1
Atopobium	Fannyhessea	1
Atopostipes	Gemella	1
Aurantimicrobium	Microbacterium	1
Aureimonas	Mesorhizobium	1
Azohydromonas	Schlegelella	1
Azonexus	Oryzomicrobium	1
Azospirillum	Caulobacter	1
Azospirillum	Roseomonas	1
B12-WMSP1	Clostridiales [F1 G2]	1
BD2-11_terrestrial_group	Ignavibacterium	1
BD2-11_terrestrial_group	Oryzomicrobium	1
BIrii41	Corynebacterium	1
BIrii41	Desulfomicrobium	1
BIyi10	Pseudomonas	1
BSV26	Ignavibacterium	1
Bacillus	Megasphaera	1
Bacillus	Treponema	1
Bacillus	Veillonella	1
Bacteroidales_BS11_gut_group	Pedobacter	1
Bacteroidales_UCG-001	Prevotella	1
Bacteroidales_UCG-001	Segatella	1
Bacteroides	Alistipes	1
Bacteroides	Catonella	1
Bacteroidetes_vadinHA17	Prevotella	1
Bacteroidetes_vadinHA17	Tannerella	1
Balneola	Neisseria	1
Blautia	Lachnospiraceae [G2]	1
Blfdi19	Lancefieldella	1
Bombella	Roseomonas	1
Brachymonas	Leptothrix	1
Bradymonadales	Desulfovibrio	1
Bradymonadales	Haematobacter	1
Bryobacter	Peptoniphilaceae [G2]	1
Butyricicoccus	Aggregatibacter	1
Butyricicoccus	Clostridiales [F3 G1]	1
Butyricimonas	Aggregatibacter	1
Butyricimonas	Odoribacteraceae [G7]	1
Butyrivibrio	Lachnospiraceae [G2]	1
C0119	Caldilinea	1
C0119	Gemella	1
C10-SB1A	Caldilinea	1
CAG-352	Schaalia	1
CCM19a	Moraxella	1
CPR2	Nanosynbacter	1
Caenimonas	Delftia	1
Caldilineaceae	Caldilinea	1
Candidatus_Alysiosphaera	Novosphingobium	1
Candidatus_Amoebophilus	Pedobacter	1
Candidatus_Bacilloplasma	Streptococcus	1
Candidatus_Entotheonella	Dialister	1
Candidatus_Jidaibacter	Afipia	1
Candidatus_Kaiserbacteria	Treponema	1
Candidatus_Omnitrophus	Selenomonas	1
Candidatus_Soleaferrea	Alloprevotella	1
Candidatus_Soleaferrea	Hominimerdicola	1
Candidatus_Solibacter	Afipia	1
Candidatus_Solibacter	Lachnospiraceae [G7]	1
Candidatus_Stoquefichus	Selenomonas	1
Candidatus_Tammella	Fretibacterium	1
Candidatus_Tenderia	Pseudomonas	1
Candidatus_Xiphinematobacter	Clostridiales [F1 G2]	1
Candidimonas	Ralstonia	1
Capnocytophaga	Neisseria	1
Capnocytophaga	Weeksellaceae [G1]	1
Catenulispora	Kytococcus	1
Chelativorans	Aquamicrobium	1
Chitinophaga	Flavitalea	1
Chitinophagaceae	Flavitalea	1
Chloroplast	Aggregatibacter	1
Chloroplast	Pseudomonas	1
Chloroplast	Selenomonas	1
Chloroplast	Stenotrophomonas	1
Chloroplast	Streptococcus	1
Christensenellaceae_R-7_group	Anaerovoracaceae [G1]	1
Christensenellaceae_R-7_group	Anaerovoracaceae [G8]	1
Chryseobacterium	Capnocytophaga	1
Chryseobacterium	Riemerella	1
Chthoniobacter	Akkermansia	1
Clostridia_UCG-014	Aggregatibacter	1
Clostridia_UCG-014	Streptococcus	1
Clostridia_vadinBB60_group	Clostridiales [F3 G1]	1
Clostridia_vadinBB60_group	Peptococcus	1
Clostridium_sensu_stricto_1	Neisseria	1
Clostridium_sensu_stricto_10	Clostridiales [F3 G1]	1
Clostridium_sensu_stricto_6	Clostridiales [F3 G1]	1
Cm1-21	Moraxella	1
Collinsella	Pseudoleptotrichia	1
Comamonas	Acidovorax	1
Comamonas	Paenacidovorax	1
Comamonas	Schlegelella	1
Conchiformibius	Neisseria	1
Confluentibacter	Pedobacter	1
Constrictibacter	Roseomonas	1
Coprobacillus	Eggerthia	1
Corynebacterium	Gemella	1
Coxiella	Cardiobacterium	1
Coxiella	Moraxella	1
Croceicoccus	Novosphingobium	1
Crocinitomix	Capnocytophaga	1
Curtobacterium	Microbacterium	1
Cycloclasticus	Pseudomonas	1
Cytophaga	Flavitalea	1
DSSD61	Oryzomicrobium	1
Defluviimonas	Paracoccus	1
Dermatophilaceae	Kytococcus	1
Desulfofaba	Aggregatibacter	1
Desulfoplanes	Desulfomicrobium	1
Desulfosporosinus	Ralstonia	1
Dialister	Veillonella	1
Diaphorobacter	Acidovorax	1
Dokdonella	Fusobacterium	1
Dongia	Fusobacterium	1
Dubosiella	Abiotrophia	1
Dubosiella	Enterococcus	1
Dysgonomonas	Porphyromonas	1
EC3	Moraxella	1
Edaphobaculum	Segetibacter	1
Eel-36e1D6	Haematobacter	1
Elizabethkingia	Weeksellaceae [G1]	1
Ellin6067	Ralstonia	1
Elusimicrobium	Anaerovoracaceae [G3]	1
Empedobacter	Weeksellaceae [G1]	1
Endobacter	Roseomonas	1
Endomicrobium	Caldilinea	1
Enterorhabdus	Lancefieldella	1
Entotheonellaceae	Ruminococcaceae [G2]	1
Entotheonellaceae	Solobacterium	1
Erysipelatoclostridiaceae	Eggerthia	1
Erysipelatoclostridium	Anaerovoracaceae [G1]	1
Erysipelotrichaceae_UCG-002	Eggerthia	1
Erysipelotrichaceae_UCG-003	Eggerthia	1
Erysipelotrichaceae_UCG-009	Erysipelotrichaceae [G1]	1
Escherichia-Shigella	Fusobacterium	1
Escherichia-Shigella	Metamycoplasma	1
Euzebya	Kocuria	1
Exiguobacterium	Enterococcus	1
Ezakiella	Peptoniphilaceae [G2]	1
F0058	Capnocytophaga	1
F0058	Leptotrichia	1
F0332	Actinomyces	1
FW22	Caldilinea	1
Faecalibacterium	Alloprevotella	1
Faecalibacterium	Catonella	1
Faecalibaculum	Lautropia	1
Faecalibaculum	Limosilactobacillus	1
Faecalibaculum	Solobacterium	1
Faecalibaculum	Streptococcus	1
Faecalitalea	Erysipelothrix	1
Family_XIII_AD3011_group	Anaerovoracaceae [G5]	1
Fermentimonas	Pedobacter	1
Fermentimonas	Tannerella	1
Fictibacillus	Abiotrophia	1
Filimonas	Flavitalea	1
Filimonas	Segetibacter	1
Flaviaesturariibacter	Segetibacter	1
Flavitalea	Segetibacter	1
Flavobacterium	Pedobacter	1
Flavobacterium	Porphyromonas	1
Flavonifractor	Ruminococcaceae [G3]	1
Fonticella	Clostridiales [F3 G1]	1
Frisingicoccus	Lachnospiraceae [G2]	1
Fusibacter	Anaerovoracaceae [G3]	1
Fusicatenibacter	Fusobacterium	1
Fusobacterium	Pseudoleptotrichia	1
Gaiella	Clostridiales [F3 G1]	1
Galbitalea	Microbacterium	1
Gastranaerophilales	Anaerovoracaceae [G2]	1
Gastranaerophilales	Gemella	1
Gastranaerophilales	Mogibacterium	1
Gastranaerophilales	Streptococcus	1
Gemella	Nanogingivalis	1
Geminocystis_PCC-6308	Arthrospira	1
Gemmatimonas	Gemella	1
Gemmatimonas	Porphyromonas	1
Geothermobacter	Haematobacter	1
Gitt-GS-136	Clostridiales [F3 G1]	1
Gitt-GS-136	Neisseria	1
Globicatella	Enterococcus	1
Gordonia	Dietzia	1
Gracilibacillus	Bacillus	1
Gracilibacillus	Paenibacillus	1
Gracilibacter	Clostridiales [F3 G1]	1
Granulicatella	Alloprevotella	1
Granulicatella	Neisseria	1
Granulicatella	Porphyromonas	1
HAVOmat113	Arthrospira	1
HOC36	Leptothrix	1
HSB_OF53-F07	Fretibacterium	1
Haemophilus	Selenomonas	1
Haemophilus	Streptococcus	1
Hafnia-Obesumbacterium	Kluyvera	1
Halarcobacter	Campylobacter	1
Haliea	Aggregatibacter	1
Halobacillus	Abiotrophia	1
Halomonas	Haematobacter	1
Hamadaea	Kocuria	1
Helcococcus	Anaerococcus	1
Helicobacter	Alistipes	1
Heliimonas	Segetibacter	1
Herbaspirillum	Streptococcus	1
Hoppeia	Pedobacter	1
Hoppeia	Riemerella	1
Hydrogenedensaceae	Anaerovoracaceae [G2]	1
Hydrogenedensaceae	Erythrobacter	1
Hydrogenophilus	Leptothrix	1
Hymenobacter	Pedobacter	1
IMCC26256	Actinomyces	1
IMCC26256	Mycobacterium	1
Iamia	Lancefieldella	1
Ideonella	Leptothrix	1
Ideonella	Schlegelella	1
Ignavibacteriales	Ignavibacterium	1
Ileibacterium	Pseudoleptotrichia	1
Incertae_Sedis	Peptoanaerobacter	1
Incertae_Sedis	Peptoniphilaceae [G2]	1
Inquilinus	Enhydrobacter	1
Insolitispirillum	Aquamicrobium	1
Intestinimonas	Clostridiales [F3 G1]	1
Intestinimonas	Fastidiosipila	1
Isoptericola	Cellulosimicrobium	1
JG30-KF-AS9	Dialister	1
JG30-KF-AS9	Schlegelella	1
JG30-KF-CM45	Neisseria	1
JG30-KF-CM45	Streptococcus	1
JG30-KF-CM66	Clostridiales [F1 G2]	1
JG30-KF-CM66	Selenomonas	1
JG30-KF-CM66	Streptococcus	1
JG30a-KF-32	Pseudoramibacter	1
JG36-GS-52	Cardiobacterium	1
JTB255_marine_benthic_group	Cardiobacterium	1
Kaistia	Aquamicrobium	1
Ketobacter	Pseudomonas	1
Kiloniella	Aquamicrobium	1
Kineosporia	Kocuria	1
Kingella	Simonsiella	1
Kitasatospora	Kocuria	1
Kosakonia	Cronobacter	1
Krasilnikovia	Mycobacterium	1
Kribbella	Propionibacteriaceae [G1]	1
Kushneria	Moraxella	1
Kutzneria	Kocuria	1
LWQ8	Saccharimonadales [F1 G1]	1
Labrys	Afipia	1
Labrys	Mesorhizobium	1
Lachnoanaerobaculum	Selenomonas	1
Lachnoanaerobaculum	Stomatobaculum	1
Lachnospiraceae_FCS020_group	Stomatobaculum	1
Lachnospiraceae_NC2004_group	Agathobacter	1
Lachnospiraceae_NC2004_group	Clostridiales [F3 G1]	1
Lachnospiraceae_NC2004_group	Hominimerdicola	1
Lachnospiraceae_NC2004_group	Ruminococcaceae [G2]	1
Lachnospiraceae_NK3A20_group	Absconditicoccaceae [G1]	1
Lachnospiraceae_NK3A20_group	Lachnoanaerobaculum	1
Lachnospiraceae_UCG-001	Agathobacter	1
Lachnospiraceae_UCG-001	Lachnospiraceae [G10]	1
Lachnospiraceae_UCG-001	Lachnospiraceae [G2]	1
Lachnospiraceae_UCG-004	Catonella	1
Lachnospiraceae_UCG-004	Hoylesella	1
Lachnospiraceae_UCG-004	Lachnoanaerobaculum	1
Lachnospiraceae_UCG-004	Segatella	1
Lachnospiraceae_UCG-009	Lachnospiraceae [G2]	1
Lacticigenium	Enterococcus	1
Lactobacillus	Campylobacter	1
Lactobacillus	Gemella	1
Lactobacillus	Veillonella	1
Lactococcus	Streptococcus	1
Leadbetterella	Pedobacter	1
Leifsonia	Microbacterium	1
Leptolyngbya_Es-Yyy1000	Arthrospira	1
Limnobacter	Ralstonia	1
Lineage_IIb	Pseudomonas	1
Longimicrobiaceae	Erythrobacter	1
Longimycelium	Kocuria	1
Luteibacter	Pseudomonas	1
Luteibacter	Ralstonia	1
Luteimonas	Neisseria	1
Lysinibacillus	Enterococcus	1
Lysobacter	Neisseria	1
Lysobacter	Ralstonia	1
MB-A2-108	Corynebacterium	1
MB-A2-108	Cryptobacterium	1
MM1	Oryzomicrobium	1
MND1	Kingella	1
MND1	Leptothrix	1
MND1	Neisseria	1
MND1	Prevotella	1
MSB-1D1	Moraxella	1
MWH-CFBk5	Pedobacter	1
Mangrovibacter	Kluyvera	1
Marine_Methylotrophic_Group_2	Moraxella	1
Marinicaulis	Aquamicrobium	1
Marinomonas	Pseudomonas	1
Marmoricola	Mycobacterium	1
Marvinbryantia	Butyrivibrio	1
Marvinbryantia	Lachnospiraceae [G2]	1
Massilia	Paenacidovorax	1
Megamonas	Selenomonadaceae [G1]	1
Megasphaera	Treponema	1
Megasphaera	Veillonella	1
Mesorhizobium	Brucella	1
Methanosphaera	Methanobrevibacter	1
Methylobacterium-Methylorubrum	Caulobacter	1
Methylobacterium-Methylorubrum	Enhydrobacter	1
Methylobacterium-Methylorubrum	Ralstonia	1
Methyloligellaceae	Haematobacter	1
Methylophaga	Moraxella	1
Methylophilus	Kingella	1
Microcoleus_PCC-7113	Arthrospira	1
Micropruina	Cutibacterium	1
Monoglobus	Megasphaera	1
Moraxella	Treponema	1
Morganella	Proteus	1
Mucispirillum	Anaerovoracaceae [G2]	1
Murdochiella	Peptoniphilaceae [G2]	1
Muribaculaceae	Catonella	1
Muribaculaceae	Neisseria	1
Muribaculaceae	Ruminococcaceae [G2]	1
Muribaculaceae	Streptococcus	1
Muribaculum	Porphyromonas	1
Mycoplasma	Limosilactobacillus	1
Myxococcaceae	Streptococcus	1
NB1-j	Desulfomicrobium	1
NK4A214_group	Pseudoleptotrichia	1
NK4A214_group	Treponema	1
NS9_marine_group	Pedobacter	1
Nannocystis	Desulfovibrio	1
Nannocystis	Neisseria	1
Nannocystis	Selenomonas	1
Neisseria	Alloprevotella	1
Neisseria	Treponema	1
Nevskia	Acinetobacter	1
Niabella	Segetibacter	1
Nibribacter	Pedobacter	1
Nitrospira	Aggregatibacter	1
Nitrospira	Clostridiales [F3 G1]	1
Niveibacterium	Oryzomicrobium	1
Nocardioides	Neisseria	1
Nocardioides	Streptococcus	1
Nodosilinea_PCC-7104	Arthrospira	1
Nordella	Afipia	1
Nordella	Mesorhizobium	1
Nosocomiicoccus	Staphylococcus	1
Nostocaceae	Arthrospira	1
Nubsella	Pedobacter	1
OM182_clade	Pseudomonas	1
OM190	Desulfovibrio	1
OM27_clade	Catonella	1
OM60(NOR5)_clade	Aggregatibacter	1
Obscuribacteraceae	Selenomonadaceae [G1]	1
Oceanicella	Haematobacter	1
Oceanisphaera	Serratia	1
Oceanobacillus	Abiotrophia	1
Oceanobacillus	Bacillus	1
Oceanococcus	Moraxella	1
Ochrobactrum	Proteus	1
Ochrobactrum	Ralstonia	1
Omnitrophales	Haematobacter	1
Oribacterium	Stomatobaculum	1
Ornithinicoccus	Kocuria	1
Ornithinimicrobium	Kytococcus	1
Oscillibacter	Prevotella	1
Oscillibacter	Ruminococcaceae [G3]	1
Oscillospira	Clostridiales [F3 G1]	1
Owenweeksia	Pedobacter	1
Oxobacter	Clostridiales [F3 G1]	1
P5D1-392	Abiotrophia	1
P5D1-392	Campylobacter	1
P5D1-392	Gemella	1
P5D1-392	Veillonella	1
PAUC26f	Caldilinea	1
PLTA13	Acinetobacter	1
Paeniglutamicibacter	Micrococcus	1
Pajaroellobacter	Enhydrobacter	1
Palleronia-Pseudomaribius	Haematobacter	1
Paludicola	Catonella	1
Pannonibacter	Mesorhizobium	1
Pantoea	Klebsiella	1
Papillibacter	Clostridiales [F3 G1]	1
Parabacteroides	Alloprevotella	1
Parabacteroides	Prevotella	1
Parabacteroides	Tannerella	1
Parafilimonas	Segetibacter	1
Paraglaciecola	Cardiobacterium	1
Parahaliea	Aggregatibacter	1
Parasutterella	Schlegelella	1
Parvibacter	Olsenella	1
Parvibaculum	Haematobacter	1
Patulibacter	Anaerovoracaceae [G2]	1
Patulibacter	Kocuria	1
Pedomicrobium	Aquamicrobium	1
Pedosphaeraceae	Pseudomonas	1
Pedosphaeraceae	Selenomonas	1
Pelagibacterium	Mesorhizobium	1
Peptoclostridium	Parvimonas	1
Peptostreptococcus	Absconditicoccaceae [G1]	1
Peptostreptococcus	Clostridiales [F1 G1]	1
Peptostreptococcus	Fusobacterium	1
Peredibacter	Campylobacter	1
Perlucidibaca	Moraxella	1
Petrimonas	Lachnospiraceae [G7]	1
Petrimonas	Porphyromonas	1
Phascolarctobacterium	Abiotrophia	1
Phascolarctobacterium	Eggerthia	1
Phascolarctobacterium	Gemella	1
Phaselicystis	Desulfovibrio	1
Phenylobacterium	Brevundimonas	1
Planococcus	Staphylococcus	1
Planosporangium	Kocuria	1
Plantibacter	Microbacterium	1
Plasticicumulans	Cardiobacterium	1
Plesiomonas	Yersinia	1
Pluralibacter	Enterobacter	1
Polaromonas	Delftia	1
Pontibacter	Pedobacter	1
Porphyrobacter	Erythrobacter	1
Porphyromonas	Alloprevotella	1
Porphyromonas	Capnocytophaga	1
Porphyromonas	Odoribacteraceae [G3]	1
Porphyromonas	Prevotella	1
Porphyromonas	Pseudoleptotrichia	1
Porphyromonas	Riemerella	1
Porphyromonas	Segatella	1
Porphyromonas	Tannerella	1
Portibacter	Flavitalea	1
Prevotella	Capnocytophaga	1
Prevotella	Fusobacterium	1
Prevotella	Odoribacteraceae [G3]	1
Prevotella	Porphyromonas	1
Prevotellaceae	Alloprevotella	1
Prevotellaceae	Hoylesella	1
Prevotellaceae	Prevotella	1
Prevotellaceae_NK3B31_group	Segatella	1
Prevotellaceae_UCG-001	Segatella	1
Prevotellaceae_UCG-003	Porphyromonas	1
Prevotellaceae_UCG-004	Alloprevotella	1
Prevotellaceae_UCG-004	Bacteroides	1
Propionibacterium	Cutibacterium	1
Propionibacterium	Propionibacteriaceae [G1]	1
Prosthecobacter	Akkermansia	1
Proteiniclasticum	Clostridiales [F3 G1]	1
Proteiniphilum	Porphyromonas	1
Proteiniphilum	Tannerella	1
Pseudaminobacter	Mesorhizobium	1
Pseudobutyrivibrio	Agathobacter	1
Pseudoclavibacter	Microbacterium	1
Pseudoclostridium	Fastidiosipila	1
Pseudoflavitalea	Flavitalea	1
Pseudomonas	Veillonella	1
Pseudopedobacter	Pedobacter	1
Pseudorhodobacter	Rhodobacter	1
Pseudorhodoferax	Paenacidovorax	1
Psychroglaciecola	Afipia	1
Puia	Flavitalea	1
Pullulanibacillus	Enterococcus	1
Pygmaiobacter	Selenomonas	1
Quinella	Selenomonadaceae [G1]	1
Quinella	Selenomonas	1
RB41	Aggregatibacter	1
RB41	Lactobacillus	1
RF39	Anaerovoracaceae [G3]	1
RF39	Neisseria	1
RF39	Peptococcus	1
RF39	Pseudomonas	1
RF39	Schaalia	1
RF39	Treponema	1
Ramlibacter	Ottowia	1
Rheinheimera	Pseudomonas	1
Rhizobacter	Veillonella	1
Rhizorhapis	Sphingomonas	1
Rhodanobacter	Clostridiales [F3 G1]	1
Rhodococcus	Lawsonella	1
Rhodoluna	Microbacterium	1
Rhodopila	Roseomonas	1
Rhodothermaceae	Aggregatibacter	1
Rhodothermaceae	Desulfovibrio	1
Rickettsiella	Moraxella	1
Rikenellaceae	Alistipes	1
Rikenellaceae_RC9_gut_group	Odoribacteraceae [G7]	1
Rivicola	Ralstonia	1
Rokubacteriales	Neisseria	1
Romboutsia	Anaerovoracaceae [G3]	1
Roseburia	Stomatobaculum	1
Roseiarcus	Afipia	1
Roseobacter	Haematobacter	1
Rs-M59_termite_group	Campylobacter	1
Rubrobacter	Lancefieldella	1
Rudaea	Pseudomonas	1
Rufibacter	Prevotella	1
Ruminobacter	Tannerella	1
Ruminococcus	Alloprevotella	1
Ruminococcus	Enterococcus	1
Ruminococcus	Neisseria	1
Ruminococcus	Pseudoleptotrichia	1
Ruminococcus	Selenomonas	1
Ruminococcus	Streptococcus	1
Ruminofilibacter	Pedobacter	1
S0134_terrestrial_group	Corynebacterium	1
S0134_terrestrial_group	Olsenella	1
S085	Prevotella	1
SAR202_clade	Selenomonas	1
SAR324_clade(Marine_group_B)	Bdellovibrio	1
SAR324_clade(Marine_group_B)	Haematobacter	1
SAR324_clade(Marine_group_B)	Sphingomonas	1
SBR1031	Anaerovoracaceae [G3]	1
SBR1031	Clostridiales [F3 G1]	1
SHA-26	Olsenella	1
SHA-26	Pseudoramibacter	1
SM1A02	Leptothrix	1
SM2D12	Aquamicrobium	1
SM2D12	Enhydrobacter	1
SM2D12	Novosphingobium	1
SN8	Stenotrophomonas	1
SWB02	Afipia	1
Saccharibacillus	Paenibacillus	1
Saccharimonadaceae	Nanosynbacter	1
Saccharimonadales	Nanosyncoccus	1
Saccharomonospora	Mycobacterium	1
Salimicrobium	Enterococcus	1
Salinivibrio	Serratia	1
Sandaracinus	Erythrobacter	1
Sediminibacterium	Segetibacter	1
Selenomonadaceae	Mitsuokella	1
Sellimonas	Butyrivibrio	1
Sericytochromatia	Desulfovibrio	1
Serpentinicella	Anaerovoracaceae [G3]	1
Shinella	Agrobacterium	1
Sinibacillus	Abiotrophia	1
Skermanella	Aquamicrobium	1
Skermanella	Caulobacter	1
Skermanella	Oryzomicrobium	1
Slackia	Veillonella	1
Smithella	Desulfobulbus	1
Snodgrassella	Kingella	1
Solibacillus	Enterococcus	1
Sphaerobacter	Oryzomicrobium	1
Sphingoaurantiacus	Sphingomonas	1
Sphingobium	Erythrobacter	1
Sphingorhabdus	Novosphingobium	1
Sphingosinicella	Sphingomonas	1
Spirillospora	Kocuria	1
Spirochaeta_2	Treponema	1
Spiroplasma	Streptococcus	1
Sporichthya	Kocuria	1
Sporocytophaga	Pedobacter	1
Sporocytophaga	Weeksellaceae [G1]	1
Steroidobacteraceae	Veillonella	1
Stomatobaculum	Neisseria	1
Streptobacillus	Fusobacterium	1
Streptococcus	Absconditicoccaceae [G1]	1
Streptococcus	Lactobacillus	1
Streptococcus	Neisseria	1
Streptococcus	Odoribacteraceae [G3]	1
Streptomyces	Alloprevotella	1
Subdoligranulum	Selenomonas	1
Subdoligranulum	Stomatobaculum	1
Subdoligranulum	Streptococcus	1
Subgroup_10	Clostridiales [F1 G2]	1
Subgroup_10	Haematobacter	1
Subgroup_15	Clostridiales [F1 G2]	1
Subgroup_2	Kocuria	1
Subgroup_20	Selenomonas	1
Subgroup_21	Aggregatibacter	1
Subgroup_21	Anaerovoracaceae [G8]	1
Subgroup_22	Prevotella	1
Subgroup_22	Selenomonas	1
Subgroup_7	Caulobacter	1
Subgroup_7	Lachnoanaerobaculum	1
Succiniclasticum	Selenomonadaceae [G1]	1
Sulfurifustis	Porphyromonas	1
Sulfurospirillum	Campylobacter	1
Sva0485	Haematobacter	1
Synechococcus_IR11	Arthrospira	1
Synechococcus_PCC-7902	Arthrospira	1
Syntrophorhabdus	Desulfobulbus	1
TM7a	Saccharimonadales [F2 G1]	1
TM7a	Saccharimonas	1
TM7x	Saccharimonas	1
TRA3-20	Ralstonia	1
TX1A-55	Cardiobacterium	1
Tardiphaga	Bradyrhizobium	1
Temperatibacter	Novosphingobium	1
Tepidimicrobium	Peptoniphilaceae [G2]	1
Tepidiphilus	Oryzomicrobium	1
Terrabacter	Janibacter	1
Terrisporobacter	Anaerovoracaceae [G3]	1
Thermoanaerobacterium	Anaerovoracaceae [G8]	1
Thermobacillus	Paenibacillus	1
Thermomonospora	Actinomyces	1
Thermovirga	Fretibacterium	1
Thiobacillus	Neisseria	1
Thioclava	Haematobacter	1
Tissierella	Peptoniphilaceae [G2]	1
Treponema	Streptococcus	1
Tropicimonas	Erythrobacter	1
Truepera	Erythrobacter	1
Truepera	Olsenella	1
Truepera	Porphyromonas	1
Tumebacillus	Clostridiales [F3 G1]	1
U29-B03	Odoribacteraceae [G3]	1
UBA6140	Oryzomicrobium	1
UCG-002	Neisseria	1
UCG-002	Ruminococcaceae [G3]	1
UCG-002	Veillonella	1
UCG-003	Streptococcus	1
UCG-005	Aggregatibacter	1
UCG-005	Anaerovoracaceae [G3]	1
UCG-005	Catonella	1
UCG-005	Fusobacterium	1
UCG-005	Gemella	1
UCG-005	Neisseria	1
UCG-005	Pseudomonas	1
UCG-005	Streptococcus	1
UCG-010	Capnocytophaga	1
UCG-010	Neisseria	1
UCG-010	Peptoniphilaceae [G2]	1
UCG-011	Clostridiales [F3 G1]	1
UCG-012	Clostridiales [F3 G1]	1
UKL13-1	Aquamicrobium	1
UTBCD1	Flavitalea	1
UTCFX1	Selenomonas	1
Uliginosibacterium	Oryzomicrobium	1
Ulvibacter	Capnocytophaga	1
Undibacterium	Ralstonia	1
Unknown_Family	Pseudomonas	1
Varibaculum	Schaalia	1
Veillonella	Actinomyces	1
Veillonella	Gemella	1
Veillonella	Lachnospiraceae [G3]	1
Veillonella	Lancefieldella	1
Veillonella	Nanoperiomorbus	1
Veillonella	Neisseria	1
Veillonella	Porphyromonas	1
Veillonella	Pseudoleptotrichia	1
Veillonella	Segatella	1
Veillonella	Selenomonas	1
Vibrio	Fusobacterium	1
Vibrio	Kluyvera	1
Vicinamibacteraceae	Caulobacter	1
Vicingus	Pedobacter	1
Virgisporangium	Mycobacterium	1
Vogesella	Ralstonia	1
WD260	Pseudomonas	1
WN-HWB-116	Pseudomonas	1
WPS-2	Selenomonas	1
WWH38	Neisseria	1
WX65	Dialister	1
WX65	Peptococcus	1
Weissella	Alloprevotella	1
Weissella	Lentilactobacillus	1
Weissella	Limosilactobacillus	1
Wenxinia	Haematobacter	1
Woeseia	Aggregatibacter	1
Xylophilus	Variovorax	1
YC-ZSS-LKJ147	Desulfovibrio	1
Yoonia-Loktanella	Haematobacter	1
ZOR0006	Gemella	1
Zeaxanthinibacter	Chryseobacterium	1
Zhongshania	Pseudomonas	1
[Anaerorhabdus]_furcosa_group	Solobacterium	1
[Clostridium]_innocuum_group	Erysipelotrichaceae [G1]	1
[Eubacterium]_brachy_group	Anaerovoracaceae [G4]	1
[Eubacterium]_coprostanoligenes_group	Ruminococcaceae [G2]	1
[Eubacterium]_coprostanoligenes_group	Ruminococcaceae [G3]	1
[Eubacterium]_hallii_group	Catonella	1
[Eubacterium]_nodatum_group	Anaerovoracaceae [G4]	1
[Eubacterium]_nodatum_group	Porphyromonas	1
[Eubacterium]_oxidoreducens_group	Fastidiosipila	1
[Eubacterium]_oxidoreducens_group	Lachnospiraceae [G2]	1
[Eubacterium]_oxidoreducens_group	Stomatobaculum	1
[Eubacterium]_ventriosum_group	Lachnospiraceae [G7]	1
[Ruminococcus]_gauvreauii_group	Lachnospiraceae [G2]	1
[Ruminococcus]_gauvreauii_group	Oribacterium	1
[Ruminococcus]_torques_group	Lachnospiraceae [G2]	1
bacteriap25	Alloprevotella	1
bacteriap25	Aquamicrobium	1
bacteriap25	Neisseria	1
koll11	Treponema	1
mle1-27	Bdellovibrio	1
mle1-27	Fusobacterium	1
mle1-7	Ralstonia	1
mle1-7	Schlegelella	1
oc32	Schlegelella	1
uncultured	Abiotrophia	1
uncultured	Anaerolinea	1
uncultured	Anaerovoracaceae [G1]	1
uncultured	Anoxybacillus	1
uncultured	Aquamicrobium	1
uncultured	Arcanobacterium	1
uncultured	Bacillus	1
uncultured	Bifidobacterium	1
uncultured	Bordetella	1
uncultured	Capnocytophaga	1
uncultured	Corynebacterium	1
uncultured	Dialister	1
uncultured	Ignavibacterium	1
uncultured	Johnsonella	1
uncultured	Limosilactobacillus	1
uncultured	Lysinibacillus	1
uncultured	Mogibacterium	1
uncultured	Moryella	1
uncultured	Neisseria	1
uncultured	Ottowia	1
uncultured	Peptostreptococcus	1
uncultured	Ruminococcaceae [G1]	1
uncultured	Tannerella	1
uncultured	Weeksellaceae [G1]	1
